/*
SQLyog 企业版 - MySQL GUI v8.14 
MySQL - 5.5.25a : Database - test
*********************************************************************
*/

/*!40101 SET NAMES utf8 */;

/*!40101 SET SQL_MODE=''*/;

/*!40014 SET @OLD_UNIQUE_CHECKS=@@UNIQUE_CHECKS, UNIQUE_CHECKS=0 */;
/*!40014 SET @OLD_FOREIGN_KEY_CHECKS=@@FOREIGN_KEY_CHECKS, FOREIGN_KEY_CHECKS=0 */;
/*!40101 SET @OLD_SQL_MODE=@@SQL_MODE, SQL_MODE='NO_AUTO_VALUE_ON_ZERO' */;
/*!40111 SET @OLD_SQL_NOTES=@@SQL_NOTES, SQL_NOTES=0 */;
CREATE DATABASE /*!32312 IF NOT EXISTS*/`test` /*!40100 DEFAULT CHARACTER SET utf8 */;

USE `test`;

/*Table structure for table `activity` */

DROP TABLE IF EXISTS `activity`;

CREATE TABLE `activity` (
  `id` int(11) NOT NULL AUTO_INCREMENT COMMENT '主键',
  `name` varchar(200) DEFAULT NULL COMMENT '活动名称',
  `host_name` varchar(100) DEFAULT NULL COMMENT '活动主办方',
  `cover` varchar(100) DEFAULT NULL COMMENT '活动封面',
  `ac_start_time` date DEFAULT NULL COMMENT '活动开始时间',
  `ac_end_time` date DEFAULT NULL COMMENT '活动结束时间',
  `re_start_time` date DEFAULT NULL COMMENT '活动开始招募时间',
  `re_end_time` date DEFAULT NULL COMMENT '活动结束招募时间',
  `content` varchar(5000) DEFAULT NULL COMMENT '活动内容',
  `status` int(11) DEFAULT '0' COMMENT '活动状态 : 0 期待中, 1 招募中, 2 活动中, 3 已结束',
  PRIMARY KEY (`id`)
) ENGINE=InnoDB AUTO_INCREMENT=11 DEFAULT CHARSET=utf8;

/*Data for the table `activity` */

insert  into `activity`(`id`,`name`,`host_name`,`cover`,`ac_start_time`,`ac_end_time`,`re_start_time`,`re_end_time`,`content`,`status`) values (4,'fffffffff','wwwwwwwwwww','V2\\6w\\1455684494466.jpg','2016-02-10','2016-02-19','2016-02-11','2016-02-14','<p>&nbsp; &nbsp; &nbsp; &nbsp; &nbsp; &nbsp; &nbsp; &nbsp; &nbsp;iiiiiiii</p>',3),(5,'aaaaaaa','aaaaa','VH\\dz\\1458815606239.jpg','2016-03-24','2016-03-24','2016-03-24','2016-03-24','<p>yyyyyyyyyyqd</p>',3),(6,'qq','qq','6D\\91\\1459839613739.jpg','2016-04-06','2016-04-07','2016-04-05','2016-04-05','<p>qqqqqqqq</p>',0),(7,'efwf','efwewfw','ql\\mq\\1459840096115.jpg','2016-04-20','2016-05-04','2016-04-14','2016-04-20','<p>qqqqqqqqqqqq</p>',0),(8,'dddddddddd','ddddddddd','QA\\go\\1459842824107.jpg','2016-04-07','2016-04-25','2016-04-27','2016-05-05','<h2>dddddddddddddd</h2>',0),(9,'fwq','fwqf','LX\\lt\\1459848672686.jpg','2016-04-12','2016-04-28','2016-03-29','2016-04-14','<p>fwqfq</p>',0),(10,'qqqqq ','qwwwww','Fv\\zp\\1459848736791.jpg','2016-04-05','2016-04-13','2016-04-07','2016-04-12','<p>fwqfqwf</p>',0);

/*Table structure for table `activity_join` */

DROP TABLE IF EXISTS `activity_join`;

CREATE TABLE `activity_join` (
  `id` int(11) NOT NULL AUTO_INCREMENT COMMENT '主键',
  `a_id` int(11) DEFAULT NULL COMMENT '活动ID',
  `u_id` int(11) DEFAULT NULL COMMENT '用户ID',
  `slogan` varchar(100) DEFAULT NULL COMMENT '口号',
  `intro` varchar(100) DEFAULT NULL COMMENT '简介',
  `desc` varchar(500) DEFAULT NULL COMMENT '描述',
  `doc` varchar(100) DEFAULT NULL COMMENT '文档',
  `commend` int(11) DEFAULT '0' COMMENT '赞',
  PRIMARY KEY (`id`)
) ENGINE=InnoDB AUTO_INCREMENT=8 DEFAULT CHARSET=utf8;

/*Data for the table `activity_join` */

insert  into `activity_join`(`id`,`a_id`,`u_id`,`slogan`,`intro`,`desc`,`doc`,`commend`) values (2,4,25,'各位高手都是大公司的各位人格万股','跟第三方身份','莪无法斯蒂芬斯蒂芬是发顺丰 ','V2\\6w\\1455684494466.doc',672),(3,4,26,'供热万人送行分为服务商访问范文芳','俄特维斯的分',' 温柔俄文温柔额未 个钢管舞而服务','V2\\6w\\1455684494466.doc',891),(4,4,4,'俄格为否斯蒂芬隋菲菲我个雾非雾','额外发售方式分为','俄文访问个舞蹈高度高度蛋糕未','V2\\6w\\1455684494466.doc',780),(5,4,28,'二区去俄方岁的抚掌大笑问问额额','为广东省广告','温柔额德芙未企鹅企鹅其二额企鹅企鹅','V2\\6w\\1455684494466.doc',444),(6,4,4,'二区去俄方岁的抚掌大笑问问额额','为广东省广告','温柔额德芙未企鹅企鹅其二额企鹅企鹅','V2\\6w\\1455684494466.doc',666),(7,4,2,'二区去俄方岁的抚掌大笑问问额额','为广东省广告','温柔额德芙未企鹅企鹅其二额企鹅企鹅','V2\\6w\\1455684494466.doc',667);

/*Table structure for table `activity_join_commend` */

DROP TABLE IF EXISTS `activity_join_commend`;

CREATE TABLE `activity_join_commend` (
  `id` int(11) NOT NULL AUTO_INCREMENT COMMENT '主键',
  `aj_id` int(11) DEFAULT NULL COMMENT '参加活动ID',
  `u_id` int(11) DEFAULT NULL COMMENT '用户ID',
  `create_time` datetime DEFAULT NULL,
  PRIMARY KEY (`id`)
) ENGINE=InnoDB AUTO_INCREMENT=24 DEFAULT CHARSET=utf8;

/*Data for the table `activity_join_commend` */

insert  into `activity_join_commend`(`id`,`aj_id`,`u_id`,`create_time`) values (14,2,2,NULL),(16,3,2,NULL),(18,4,2,'2016-03-23 09:39:25'),(19,4,2,'2016-03-24 09:33:23'),(21,3,2,'2016-03-24 09:51:06'),(23,7,2,'2016-04-01 17:22:22');

/*Table structure for table `activity_join_img` */

DROP TABLE IF EXISTS `activity_join_img`;

CREATE TABLE `activity_join_img` (
  `id` int(11) NOT NULL AUTO_INCREMENT COMMENT '主键',
  `aj_id` int(11) DEFAULT NULL COMMENT '参与活动的ID',
  `img` varchar(100) DEFAULT NULL COMMENT '图片地址',
  PRIMARY KEY (`id`)
) ENGINE=InnoDB AUTO_INCREMENT=23 DEFAULT CHARSET=utf8;

/*Data for the table `activity_join_img` */

insert  into `activity_join_img`(`id`,`aj_id`,`img`) values (2,2,'21/P9/1448936609027.jpg'),(3,3,'21/P9/1448936609027.jpg'),(4,4,'21/P9/1448936609027.jpg'),(5,5,'21/P9/1448936609027.jpg'),(7,2,'21/P9/1448936609027.jpg'),(17,7,'21/P9/1448936609027.jpg'),(19,7,'21/P9/1448936609027.jpg'),(20,7,'21/P9/1448936609027.jpg'),(21,7,'21/P9/1448936609027.jpg'),(22,7,'21/P9/1448936609027.jpg');

/*Table structure for table `activity_join_reply` */

DROP TABLE IF EXISTS `activity_join_reply`;

CREATE TABLE `activity_join_reply` (
  `id` int(11) NOT NULL AUTO_INCREMENT COMMENT '主键',
  `aj_id` int(11) DEFAULT NULL COMMENT '参与者ID',
  `u_id` int(11) DEFAULT NULL COMMENT '回复用户ID',
  `content` varchar(10000) DEFAULT NULL COMMENT '回复内容',
  `reply_time` datetime DEFAULT NULL COMMENT '回复时间',
  PRIMARY KEY (`id`)
) ENGINE=InnoDB AUTO_INCREMENT=312 DEFAULT CHARSET=utf8;

/*Data for the table `activity_join_reply` */

insert  into `activity_join_reply`(`id`,`aj_id`,`u_id`,`content`,`reply_time`) values (140,2,2,'qq','2016-02-22 14:33:55'),(141,2,2,'<div style=\'background-color: #efe8d8;border: #d2d2d2 1px solid;\'>								<div class=\"info_2_bigboypic\">		        					<div class=\"touxiang\"><img src=\"http://121.43.121.176/BlueCollar/images/21/P9/1448936609027.jpg\"></div>		        					<img class=\"blue_pic\" src=\"/BlueCollar/assets/ws_img/small_boy.png\">		        							        			 		<h3 style=\"margin-top: -8px\">2</h3>		        			 		<div class=\"level\"><img src=\"/BlueCollar/assets/ws_img/lv_2.png\"><img src=\"/BlueCollar/assets/ws_img/lv_1.png\"></div>		        			 		<h4>测试</h4>		        				</div>	        							        			<div class=\"info_1_cont\" style=\"width:600px;word-wrap: break-word;\"> 			        				<!-- 回复的内容 -->			        				<h3>qq</h3>		        				</div>		        			<div class=\"huifu\"><h4><a style=\"color:rgb(238,238,238);cursor:default\">-</a></h4></div></div><div class=\'info_1_cont\' style=\'margin: 0px\'><h3>ww</h3></div>','2016-02-22 14:34:19'),(149,3,2,'55','2016-02-22 15:48:58'),(153,2,2,'啊啊啊啊啊啊啊啊啊啊啊啊啊啊啊啊啊啊啊啊啊啊啊啊啊啊啊啊啊啊啊啊啊啊啊啊啊啊啊啊啊啊啊啊啊啊啊啊啊啊啊啊啊啊啊啊啊啊啊啊啊啊啊啊','2016-02-23 10:42:19'),(154,3,2,'[object Object]','2016-03-22 17:44:25'),(155,3,2,'[object Object]','2016-03-22 17:45:41'),(156,3,2,'<div style=\'background-color: #efe8d8;border: #d2d2d2 1px solid;height:120px\'>\r\n								<div class=\"info_2_bigboypic\">\r\n		        					<div class=\"touxiang\"><img src=\"http://121.43.121.176/BlueCollar/images/21/P9/1448936609027.jpg\"></div>\r\n		        					<img class=\"blue_pic\" src=\"/BlueCollar/assets/ws_img/small_boy.png\">\r\n		        					\r\n		        			 		<h3 style=\"margin-top: -8px\">2</h3>\r\n		        			 		<div class=\"level\"><img src=\"/BlueCollar/assets/ws_img/lv_2.png\"><img src=\"/BlueCollar/assets/ws_img/lv_1.png\"></div>\r\n		        			 		<h4>测试</h4>\r\n		        				</div>\r\n	        				\r\n			        			<div class=\"info_1_cont\" style=\"width:85%;word-wrap: break-word;\"> \r\n			        				<!-- 回复的内容 -->\r\n			        				<h3>55</h3>\r\n		        				</div>\r\n		        			<div class=\"huifu\"><h4><a style=\"color:rgb(238,238,238);cursor:default\">-</a></h4></div></div><div class=\'info_1_cont\' style=\'margin: 0px\'><h3>[object Object]</h3></div>','2016-03-22 17:45:57'),(281,4,2,'q','2016-03-23 15:30:06'),(282,4,2,'<div name=\"rc\" style=\"width:95%;word-wrap: break-word;background-color: #efe8d8;border: #d2d2d2 1px solid;\"><h4 style=\"color:#4c9ed9;padding:5px\">测试</h4><div class=\"reContent\" style=\"padding:5px\">q</div></div><div style=\'padding:5px\'>w</div>','2016-03-23 15:30:09'),(283,4,2,'<div name=\"rc\" style=\"width:95%;word-wrap: break-word;background-color: #efe8d8;border: #d2d2d2 1px solid;\"><div name=\"rc\" style=\"margin:20px 5px;\"><div name=\"rc\" style=\"width:95%;word-wrap: break-word;background-color: #efe8d8;border: #d2d2d2 1px solid;\"><h4 style=\"color:#4c9ed9;padding:5px\">测试</h4><div class=\"reContent\" style=\"padding:5px\">q</div></div></div><h4 style=\"color:#4c9ed9;padding:5px\">测试</h4><div class=\"reContent\" style=\"padding:5px\">w</div></div><div style=\'padding:5px\'>e</div>','2016-03-23 15:30:13'),(284,4,2,'<div name=\"rc\" style=\"width:95%;word-wrap: break-word;background-color: #efe8d8;border: #d2d2d2 1px solid;\"><div name=\"rc\" style=\"margin:20px 5px;\"><div name=\"rc\" style=\"width:95%;word-wrap: break-word;background-color: #efe8d8;border: #d2d2d2 1px solid;\"><div name=\"rc\" style=\"margin:20px 5px;\"><div name=\"rc\" style=\"width:95%;word-wrap: break-word;background-color: #efe8d8;border: #d2d2d2 1px solid;\"><h4 style=\"color:#4c9ed9;padding:5px\">测试</h4><div class=\"reContent\" style=\"padding:5px\">q</div></div></div><h4 style=\"color:#4c9ed9;padding:5px\">测试</h4><div class=\"reContent\" style=\"padding:5px\">w</div></div></div><h4 style=\"color:#4c9ed9;padding:5px\">测试</h4><div class=\"reContent\" style=\"padding:5px\">e</div></div><div style=\'padding:5px\'>f</div>','2016-03-23 15:30:27'),(285,4,2,'<div name=\"rc\" style=\"width:95%;word-wrap: break-word;background-color: #efe8d8;border: #d2d2d2 1px solid;\"><div name=\"rc\" style=\"margin:20px 5px;\"><div name=\"rc\" style=\"width:95%;word-wrap: break-word;background-color: #efe8d8;border: #d2d2d2 1px solid;\"><div name=\"rc\" style=\"margin:20px 5px;\"><div name=\"rc\" style=\"width:95%;word-wrap: break-word;background-color: #efe8d8;border: #d2d2d2 1px solid;\"><div name=\"rc\" style=\"margin:20px 5px;\"><div name=\"rc\" style=\"width:95%;word-wrap: break-word;background-color: #efe8d8;border: #d2d2d2 1px solid;\"><h4 style=\"color:#4c9ed9;padding:5px\">测试</h4><div class=\"reContent\" style=\"padding:5px\">q</div></div></div><h4 style=\"color:#4c9ed9;padding:5px\">测试</h4><div class=\"reContent\" style=\"padding:5px\">w</div></div></div><h4 style=\"color:#4c9ed9;padding:5px\">测试</h4><div class=\"reContent\" style=\"padding:5px\">e</div></div></div><h4 style=\"color:#4c9ed9;padding:5px\">测试</h4><div class=\"reContent\" style=\"padding:5px\">f</div></div><div style=\'padding:5px\'>qwe</div>','2016-03-23 15:30:40'),(286,4,2,'<div name=\"rc\" style=\"width:95%;word-wrap: break-word;background-color: #efe8d8;border: #d2d2d2 1px solid;\"><div name=\"rc\" style=\"margin:20px 5px;\"><div name=\"rc\" style=\"width:95%;word-wrap: break-word;background-color: #efe8d8;border: #d2d2d2 1px solid;\"><div name=\"rc\" style=\"margin:20px 5px;\"><div name=\"rc\" style=\"width:95%;word-wrap: break-word;background-color: #efe8d8;border: #d2d2d2 1px solid;\"><div name=\"rc\" style=\"margin:20px 5px;\"><div name=\"rc\" style=\"width:95%;word-wrap: break-word;background-color: #efe8d8;border: #d2d2d2 1px solid;\"><div name=\"rc\" style=\"margin:20px 5px;\"><div name=\"rc\" style=\"width:95%;word-wrap: break-word;background-color: #efe8d8;border: #d2d2d2 1px solid;\"><h4 style=\"color:#4c9ed9;padding:5px\">测试</h4><div class=\"reContent\" style=\"padding:5px\">q</div></div></div><h4 style=\"color:#4c9ed9;padding:5px\">测试</h4><div class=\"reContent\" style=\"padding:5px\">w</div></div></div><h4 style=\"color:#4c9ed9;padding:5px\">测试</h4><div class=\"reContent\" style=\"padding:5px\">e</div></div></div><h4 style=\"color:#4c9ed9;padding:5px\">测试</h4><div class=\"reContent\" style=\"padding:5px\">f</div></div></div><h4 style=\"color:#4c9ed9;padding:5px\">测试</h4><div class=\"reContent\" style=\"padding:5px\">qwe</div></div><div style=\'padding:5px\'>qwf</div>','2016-03-23 15:30:44'),(287,4,2,'<div name=\"rc\" style=\"width:95%;word-wrap: break-word;background-color: #efe8d8;border: #d2d2d2 1px solid;\"><div name=\"rc\" style=\"margin:20px 5px;\"><div name=\"rc\" style=\"width:95%;word-wrap: break-word;background-color: #efe8d8;border: #d2d2d2 1px solid;\"><div name=\"rc\" style=\"margin:20px 5px;\"><div name=\"rc\" style=\"width:95%;word-wrap: break-word;background-color: #efe8d8;border: #d2d2d2 1px solid;\"><div name=\"rc\" style=\"margin:20px 5px;\"><div name=\"rc\" style=\"width:95%;word-wrap: break-word;background-color: #efe8d8;border: #d2d2d2 1px solid;\"><div name=\"rc\" style=\"margin:20px 5px;\"><div name=\"rc\" style=\"width:95%;word-wrap: break-word;background-color: #efe8d8;border: #d2d2d2 1px solid;\"><div name=\"rc\" style=\"margin:20px 5px;\"><div name=\"rc\" style=\"width:95%;word-wrap: break-word;background-color: #efe8d8;border: #d2d2d2 1px solid;\"><h4 style=\"color:#4c9ed9;padding:5px\">测试</h4><div class=\"reContent\" style=\"padding:5px\">q</div></div></div><h4 style=\"color:#4c9ed9;padding:5px\">测试</h4><div class=\"reContent\" style=\"padding:5px\">w</div></div></div><h4 style=\"color:#4c9ed9;padding:5px\">测试</h4><div class=\"reContent\" style=\"padding:5px\">e</div></div></div><h4 style=\"color:#4c9ed9;padding:5px\">测试</h4><div class=\"reContent\" style=\"padding:5px\">f</div></div></div><h4 style=\"color:#4c9ed9;padding:5px\">测试</h4><div class=\"reContent\" style=\"padding:5px\">qwe</div></div></div><h4 style=\"color:#4c9ed9;padding:5px\">测试</h4><div class=\"reContent\" style=\"padding:5px\">qwf</div></div><div style=\'padding:5px\'>ffffffffffffffffffffffffffffffffffffffffffffffffffffffffffffffffffffffffffffffffffff</div>','2016-03-23 15:30:54'),(288,4,2,'<div name=\"rc\" style=\"width:95%;word-wrap: break-word;background-color: #efe8d8;border: #d2d2d2 1px solid;\"><div name=\"rc\" style=\"margin:20px 5px;\"><div name=\"rc\" style=\"width:95%;word-wrap: break-word;background-color: #efe8d8;border: #d2d2d2 1px solid;\"><div name=\"rc\" style=\"margin:20px 5px;\"><div name=\"rc\" style=\"width:95%;word-wrap: break-word;background-color: #efe8d8;border: #d2d2d2 1px solid;\"><div name=\"rc\" style=\"margin:20px 5px;\"><div name=\"rc\" style=\"width:95%;word-wrap: break-word;background-color: #efe8d8;border: #d2d2d2 1px solid;\"><div name=\"rc\" style=\"margin:20px 5px;\"><div name=\"rc\" style=\"width:95%;word-wrap: break-word;background-color: #efe8d8;border: #d2d2d2 1px solid;\"><div name=\"rc\" style=\"margin:20px 5px;\"><div name=\"rc\" style=\"width:95%;word-wrap: break-word;background-color: #efe8d8;border: #d2d2d2 1px solid;\"><div name=\"rc\" style=\"margin:20px 5px;\"><div name=\"rc\" style=\"width:95%;word-wrap: break-word;background-color: #efe8d8;border: #d2d2d2 1px solid;\"><h4 style=\"color:#4c9ed9;padding:5px\">测试</h4><div class=\"reContent\" style=\"padding:5px\">q</div></div></div><h4 style=\"color:#4c9ed9;padding:5px\">测试</h4><div class=\"reContent\" style=\"padding:5px\">w</div></div></div><h4 style=\"color:#4c9ed9;padding:5px\">测试</h4><div class=\"reContent\" style=\"padding:5px\">e</div></div></div><h4 style=\"color:#4c9ed9;padding:5px\">测试</h4><div class=\"reContent\" style=\"padding:5px\">f</div></div></div><h4 style=\"color:#4c9ed9;padding:5px\">测试</h4><div class=\"reContent\" style=\"padding:5px\">qwe</div></div></div><h4 style=\"color:#4c9ed9;padding:5px\">测试</h4><div class=\"reContent\" style=\"padding:5px\">qwf</div></div></div><h4 style=\"color:#4c9ed9;padding:5px\">测试</h4><div class=\"reContent\" style=\"padding:5px\">ffffffffffffffffffffffffffffffffffffffffffffffffffffffffffffffffffffffffffffffffffff</div></div><div style=\'padding:5px\'>qwdqdq</div>','2016-03-23 15:31:02'),(289,4,2,'<div name=\"rc\" style=\"width:95%;word-wrap: break-word;background-color: #efe8d8;border: #d2d2d2 1px solid;\"><div name=\"rc\" style=\"margin:20px 5px;\"><div name=\"rc\" style=\"width:95%;word-wrap: break-word;background-color: #efe8d8;border: #d2d2d2 1px solid;\"><div name=\"rc\" style=\"margin:20px 5px;\"><div name=\"rc\" style=\"width:95%;word-wrap: break-word;background-color: #efe8d8;border: #d2d2d2 1px solid;\"><div name=\"rc\" style=\"margin:20px 5px;\"><div name=\"rc\" style=\"width:95%;word-wrap: break-word;background-color: #efe8d8;border: #d2d2d2 1px solid;\"><div name=\"rc\" style=\"margin:20px 5px;\"><div name=\"rc\" style=\"width:95%;word-wrap: break-word;background-color: #efe8d8;border: #d2d2d2 1px solid;\"><div name=\"rc\" style=\"margin:20px 5px;\"><div name=\"rc\" style=\"width:95%;word-wrap: break-word;background-color: #efe8d8;border: #d2d2d2 1px solid;\"><div name=\"rc\" style=\"margin:20px 5px;\"><div name=\"rc\" style=\"width:95%;word-wrap: break-word;background-color: #efe8d8;border: #d2d2d2 1px solid;\"><h4 style=\"color:#4c9ed9;padding:5px\">测试</h4><div class=\"reContent\" style=\"padding:5px\">q</div></div></div><h4 style=\"color:#4c9ed9;padding:5px\">测试</h4><div class=\"reContent\" style=\"padding:5px\">w</div></div></div><h4 style=\"color:#4c9ed9;padding:5px\">测试</h4><div class=\"reContent\" style=\"padding:5px\">e</div></div></div><h4 style=\"color:#4c9ed9;padding:5px\">测试</h4><div class=\"reContent\" style=\"padding:5px\">f</div></div></div><h4 style=\"color:#4c9ed9;padding:5px\">测试</h4><div class=\"reContent\" style=\"padding:5px\">qwe</div></div></div><h4 style=\"color:#4c9ed9;padding:5px\">测试</h4><div class=\"reContent\" style=\"padding:5px\">qwf</div></div></div><h4 style=\"color:#4c9ed9;padding:5px\">测试</h4><div class=\"reContent\" style=\"padding:5px\">ffffffffffffffffffffffffffffffffffffffffffffffffffffffffffffffffffffffffffffffffffff</div></div><div style=\'padding:5px\'>df</div>','2016-03-23 15:32:12'),(290,4,2,'<div name=\"rc\" style=\"width:95%;word-wrap: break-word;background-color: #efe8d8;border: #d2d2d2 1px solid;\"><div name=\"rc\" style=\"margin:20px 5px;\"><div name=\"rc\" style=\"width:95%;word-wrap: break-word;background-color: #efe8d8;border: #d2d2d2 1px solid;\"><div name=\"rc\" style=\"margin:20px 5px;\"><div name=\"rc\" style=\"width:95%;word-wrap: break-word;background-color: #efe8d8;border: #d2d2d2 1px solid;\"><div name=\"rc\" style=\"margin:20px 5px;\"><div name=\"rc\" style=\"width:95%;word-wrap: break-word;background-color: #efe8d8;border: #d2d2d2 1px solid;\"><div name=\"rc\" style=\"margin:20px 5px;\"><div name=\"rc\" style=\"width:95%;word-wrap: break-word;background-color: #efe8d8;border: #d2d2d2 1px solid;\"><div name=\"rc\" style=\"margin:20px 5px;\"><div name=\"rc\" style=\"width:95%;word-wrap: break-word;background-color: #efe8d8;border: #d2d2d2 1px solid;\"><div name=\"rc\" style=\"margin:20px 5px;\"><div name=\"rc\" style=\"width:95%;word-wrap: break-word;background-color: #efe8d8;border: #d2d2d2 1px solid;\"><div name=\"rc\" style=\"margin:20px 5px;\"><div name=\"rc\" style=\"width:95%;word-wrap: break-word;background-color: #efe8d8;border: #d2d2d2 1px solid;\"><h4 style=\"color:#4c9ed9;padding:5px\">测试</h4><div class=\"reContent\" style=\"padding:5px\">q</div></div></div><h4 style=\"color:#4c9ed9;padding:5px\">测试</h4><div class=\"reContent\" style=\"padding:5px\">w</div></div></div><h4 style=\"color:#4c9ed9;padding:5px\">测试</h4><div class=\"reContent\" style=\"padding:5px\">e</div></div></div><h4 style=\"color:#4c9ed9;padding:5px\">测试</h4><div class=\"reContent\" style=\"padding:5px\">f</div></div></div><h4 style=\"color:#4c9ed9;padding:5px\">测试</h4><div class=\"reContent\" style=\"padding:5px\">qwe</div></div></div><h4 style=\"color:#4c9ed9;padding:5px\">测试</h4><div class=\"reContent\" style=\"padding:5px\">qwf</div></div></div><h4 style=\"color:#4c9ed9;padding:5px\">测试</h4><div class=\"reContent\" style=\"padding:5px\">ffffffffffffffffffffffffffffffffffffffffffffffffffffffffffffffffffffffffffffffffffff</div></div></div><h4 style=\"color:#4c9ed9;padding:5px\">测试</h4><div class=\"reContent\" style=\"padding:5px\">df</div></div><div style=\'padding:5px\'>fq</div>','2016-03-23 15:32:20'),(291,4,2,'<div name=\"rc\" style=\"width:95%;word-wrap: break-word;background-color: #efe8d8;border: #d2d2d2 1px solid;\"><div name=\"rc\" style=\"margin:20px 5px;\"><div name=\"rc\" style=\"width:95%;word-wrap: break-word;background-color: #efe8d8;border: #d2d2d2 1px solid;\"><div name=\"rc\" style=\"margin:20px 5px;\"><div name=\"rc\" style=\"width:95%;word-wrap: break-word;background-color: #efe8d8;border: #d2d2d2 1px solid;\"><div name=\"rc\" style=\"margin:20px 5px;\"><div name=\"rc\" style=\"width:95%;word-wrap: break-word;background-color: #efe8d8;border: #d2d2d2 1px solid;\"><div name=\"rc\" style=\"margin:20px 5px;\"><div name=\"rc\" style=\"width:95%;word-wrap: break-word;background-color: #efe8d8;border: #d2d2d2 1px solid;\"><div name=\"rc\" style=\"margin:20px 5px;\"><div name=\"rc\" style=\"width:95%;word-wrap: break-word;background-color: #efe8d8;border: #d2d2d2 1px solid;\"><div name=\"rc\" style=\"margin:20px 5px;\"><div name=\"rc\" style=\"width:95%;word-wrap: break-word;background-color: #efe8d8;border: #d2d2d2 1px solid;\"><div name=\"rc\" style=\"margin:20px 5px;\"><div name=\"rc\" style=\"width:95%;word-wrap: break-word;background-color: #efe8d8;border: #d2d2d2 1px solid;\"><div name=\"rc\" style=\"margin:20px 5px;\"><div name=\"rc\" style=\"width:95%;word-wrap: break-word;background-color: #efe8d8;border: #d2d2d2 1px solid;\"><h4 style=\"color:#4c9ed9;padding:5px\">测试</h4><div class=\"reContent\" style=\"padding:5px\">q</div></div></div><h4 style=\"color:#4c9ed9;padding:5px\">测试</h4><div class=\"reContent\" style=\"padding:5px\">w</div></div></div><h4 style=\"color:#4c9ed9;padding:5px\">测试</h4><div class=\"reContent\" style=\"padding:5px\">e</div></div></div><h4 style=\"color:#4c9ed9;padding:5px\">测试</h4><div class=\"reContent\" style=\"padding:5px\">f</div></div></div><h4 style=\"color:#4c9ed9;padding:5px\">测试</h4><div class=\"reContent\" style=\"padding:5px\">qwe</div></div></div><h4 style=\"color:#4c9ed9;padding:5px\">测试</h4><div class=\"reContent\" style=\"padding:5px\">qwf</div></div></div><h4 style=\"color:#4c9ed9;padding:5px\">测试</h4><div class=\"reContent\" style=\"padding:5px\">ffffffffffffffffffffffffffffffffffffffffffffffffffffffffffffffffffffffffffffffffffff</div></div></div><h4 style=\"color:#4c9ed9;padding:5px\">测试</h4><div class=\"reContent\" style=\"padding:5px\">df</div></div></div><h4 style=\"color:#4c9ed9;padding:5px\">测试</h4><div class=\"reContent\" style=\"padding:5px\">fq</div></div><div style=\'padding:5px\'>fw</div>','2016-03-23 15:32:37'),(292,4,2,'<div name=\"rc\" style=\"width:95%;word-wrap: break-word;background-color: #efe8d8;border: #d2d2d2 1px solid;\"><div name=\"rc\" style=\"margin:20px 5px;\"><div name=\"rc\" style=\"width:95%;word-wrap: break-word;background-color: #efe8d8;border: #d2d2d2 1px solid;\"><div name=\"rc\" style=\"margin:20px 5px;\"><div name=\"rc\" style=\"width:95%;word-wrap: break-word;background-color: #efe8d8;border: #d2d2d2 1px solid;\"><div name=\"rc\" style=\"margin:20px 5px;\"><div name=\"rc\" style=\"width:95%;word-wrap: break-word;background-color: #efe8d8;border: #d2d2d2 1px solid;\"><div name=\"rc\" style=\"margin:20px 5px;\"><div name=\"rc\" style=\"width:95%;word-wrap: break-word;background-color: #efe8d8;border: #d2d2d2 1px solid;\"><div name=\"rc\" style=\"margin:20px 5px;\"><div name=\"rc\" style=\"width:95%;word-wrap: break-word;background-color: #efe8d8;border: #d2d2d2 1px solid;\"><div name=\"rc\" style=\"margin:20px 5px;\"><div name=\"rc\" style=\"width:95%;word-wrap: break-word;background-color: #efe8d8;border: #d2d2d2 1px solid;\"><div name=\"rc\" style=\"margin:20px 5px;\"><div name=\"rc\" style=\"width:95%;word-wrap: break-word;background-color: #efe8d8;border: #d2d2d2 1px solid;\"><div name=\"rc\" style=\"margin:20px 5px;\"><div name=\"rc\" style=\"width:95%;word-wrap: break-word;background-color: #efe8d8;border: #d2d2d2 1px solid;\"><div name=\"rc\" style=\"margin:20px 5px;\"><div name=\"rc\" style=\"width:95%;word-wrap: break-word;background-color: #efe8d8;border: #d2d2d2 1px solid;\"><h4 style=\"color:#4c9ed9;padding:5px\">测试</h4><div class=\"reContent\" style=\"padding:5px\">q</div></div></div><h4 style=\"color:#4c9ed9;padding:5px\">测试</h4><div class=\"reContent\" style=\"padding:5px\">w</div></div></div><h4 style=\"color:#4c9ed9;padding:5px\">测试</h4><div class=\"reContent\" style=\"padding:5px\">e</div></div></div><h4 style=\"color:#4c9ed9;padding:5px\">测试</h4><div class=\"reContent\" style=\"padding:5px\">f</div></div></div><h4 style=\"color:#4c9ed9;padding:5px\">测试</h4><div class=\"reContent\" style=\"padding:5px\">qwe</div></div></div><h4 style=\"color:#4c9ed9;padding:5px\">测试</h4><div class=\"reContent\" style=\"padding:5px\">qwf</div></div></div><h4 style=\"color:#4c9ed9;padding:5px\">测试</h4><div class=\"reContent\" style=\"padding:5px\">ffffffffffffffffffffffffffffffffffffffffffffffffffffffffffffffffffffffffffffffffffff</div></div></div><h4 style=\"color:#4c9ed9;padding:5px\">测试</h4><div class=\"reContent\" style=\"padding:5px\">df</div></div></div><h4 style=\"color:#4c9ed9;padding:5px\">测试</h4><div class=\"reContent\" style=\"padding:5px\">fq</div></div></div><h4 style=\"color:#4c9ed9;padding:5px\">测试</h4><div class=\"reContent\" style=\"padding:5px\">fw</div></div><div style=\'padding:5px\'>e</div>','2016-03-23 15:32:41'),(293,4,2,'<div name=\"rc\" style=\"width:95%;word-wrap: break-word;background-color: #efe8d8;border: #d2d2d2 1px solid;\"><div name=\"rc\" style=\"margin:20px 5px;\"><div name=\"rc\" style=\"width:95%;word-wrap: break-word;background-color: #efe8d8;border: #d2d2d2 1px solid;\"><div name=\"rc\" style=\"margin:20px 5px;\"><div name=\"rc\" style=\"width:95%;word-wrap: break-word;background-color: #efe8d8;border: #d2d2d2 1px solid;\"><div name=\"rc\" style=\"margin:20px 5px;\"><div name=\"rc\" style=\"width:95%;word-wrap: break-word;background-color: #efe8d8;border: #d2d2d2 1px solid;\"><div name=\"rc\" style=\"margin:20px 5px;\"><div name=\"rc\" style=\"width:95%;word-wrap: break-word;background-color: #efe8d8;border: #d2d2d2 1px solid;\"><div name=\"rc\" style=\"margin:20px 5px;\"><div name=\"rc\" style=\"width:95%;word-wrap: break-word;background-color: #efe8d8;border: #d2d2d2 1px solid;\"><div name=\"rc\" style=\"margin:20px 5px;\"><div name=\"rc\" style=\"width:95%;word-wrap: break-word;background-color: #efe8d8;border: #d2d2d2 1px solid;\"><div name=\"rc\" style=\"margin:20px 5px;\"><div name=\"rc\" style=\"width:95%;word-wrap: break-word;background-color: #efe8d8;border: #d2d2d2 1px solid;\"><div name=\"rc\" style=\"margin:20px 5px;\"><div name=\"rc\" style=\"width:95%;word-wrap: break-word;background-color: #efe8d8;border: #d2d2d2 1px solid;\"><div name=\"rc\" style=\"margin:20px 5px;\"><div name=\"rc\" style=\"width:95%;word-wrap: break-word;background-color: #efe8d8;border: #d2d2d2 1px solid;\"><div name=\"rc\" style=\"margin:20px 5px;\"><div name=\"rc\" style=\"width:95%;word-wrap: break-word;background-color: #efe8d8;border: #d2d2d2 1px solid;\"><h4 style=\"color:#4c9ed9;padding:5px\">测试</h4><div class=\"reContent\" style=\"padding:5px\">q</div></div></div><h4 style=\"color:#4c9ed9;padding:5px\">测试</h4><div class=\"reContent\" style=\"padding:5px\">w</div></div></div><h4 style=\"color:#4c9ed9;padding:5px\">测试</h4><div class=\"reContent\" style=\"padding:5px\">e</div></div></div><h4 style=\"color:#4c9ed9;padding:5px\">测试</h4><div class=\"reContent\" style=\"padding:5px\">f</div></div></div><h4 style=\"color:#4c9ed9;padding:5px\">测试</h4><div class=\"reContent\" style=\"padding:5px\">qwe</div></div></div><h4 style=\"color:#4c9ed9;padding:5px\">测试</h4><div class=\"reContent\" style=\"padding:5px\">qwf</div></div></div><h4 style=\"color:#4c9ed9;padding:5px\">测试</h4><div class=\"reContent\" style=\"padding:5px\">ffffffffffffffffffffffffffffffffffffffffffffffffffffffffffffffffffffffffffffffffffff</div></div></div><h4 style=\"color:#4c9ed9;padding:5px\">测试</h4><div class=\"reContent\" style=\"padding:5px\">df</div></div></div><h4 style=\"color:#4c9ed9;padding:5px\">测试</h4><div class=\"reContent\" style=\"padding:5px\">fq</div></div></div><h4 style=\"color:#4c9ed9;padding:5px\">测试</h4><div class=\"reContent\" style=\"padding:5px\">fw</div></div></div><h4 style=\"color:#4c9ed9;padding:5px\">测试</h4><div class=\"reContent\" style=\"padding:5px\">e</div></div><div style=\'padding:5px\'>e</div>','2016-03-23 15:35:35'),(294,4,2,'<div name=\"rc\" style=\"width:95%;word-wrap: break-word;background-color: #efe8d8;border: #d2d2d2 1px solid;\"><div name=\"rc\" style=\"margin:20px 5px;\"><div name=\"rc\" style=\"width:95%;word-wrap: break-word;background-color: #efe8d8;border: #d2d2d2 1px solid;\"><div name=\"rc\" style=\"margin:20px 5px;\"><div name=\"rc\" style=\"width:95%;word-wrap: break-word;background-color: #efe8d8;border: #d2d2d2 1px solid;\"><div name=\"rc\" style=\"margin:20px 5px;\"><div name=\"rc\" style=\"width:95%;word-wrap: break-word;background-color: #efe8d8;border: #d2d2d2 1px solid;\"><div name=\"rc\" style=\"margin:20px 5px;\"><div name=\"rc\" style=\"width:95%;word-wrap: break-word;background-color: #efe8d8;border: #d2d2d2 1px solid;\"><div name=\"rc\" style=\"margin:20px 5px;\"><div name=\"rc\" style=\"width:95%;word-wrap: break-word;background-color: #efe8d8;border: #d2d2d2 1px solid;\"><div name=\"rc\" style=\"margin:20px 5px;\"><div name=\"rc\" style=\"width:95%;word-wrap: break-word;background-color: #efe8d8;border: #d2d2d2 1px solid;\"><div name=\"rc\" style=\"margin:20px 5px;\"><div name=\"rc\" style=\"width:95%;word-wrap: break-word;background-color: #efe8d8;border: #d2d2d2 1px solid;\"><div name=\"rc\" style=\"margin:20px 5px;\"><div name=\"rc\" style=\"width:95%;word-wrap: break-word;background-color: #efe8d8;border: #d2d2d2 1px solid;\"><div name=\"rc\" style=\"margin:20px 5px;\"><div name=\"rc\" style=\"width:95%;word-wrap: break-word;background-color: #efe8d8;border: #d2d2d2 1px solid;\"><div name=\"rc\" style=\"margin:20px 5px;\"><div name=\"rc\" style=\"width:95%;word-wrap: break-word;background-color: #efe8d8;border: #d2d2d2 1px solid;\"><div name=\"rc\" style=\"margin:20px 5px;\"><div name=\"rc\" style=\"width:95%;word-wrap: break-word;background-color: #efe8d8;border: #d2d2d2 1px solid;\"><h4 style=\"color:#4c9ed9;padding:5px\">测试</h4><div class=\"reContent\" style=\"padding:5px\">q</div></div></div><h4 style=\"color:#4c9ed9;padding:5px\">测试</h4><div class=\"reContent\" style=\"padding:5px\">w</div></div></div><h4 style=\"color:#4c9ed9;padding:5px\">测试</h4><div class=\"reContent\" style=\"padding:5px\">e</div></div></div><h4 style=\"color:#4c9ed9;padding:5px\">测试</h4><div class=\"reContent\" style=\"padding:5px\">f</div></div></div><h4 style=\"color:#4c9ed9;padding:5px\">测试</h4><div class=\"reContent\" style=\"padding:5px\">qwe</div></div></div><h4 style=\"color:#4c9ed9;padding:5px\">测试</h4><div class=\"reContent\" style=\"padding:5px\">qwf</div></div></div><h4 style=\"color:#4c9ed9;padding:5px\">测试</h4><div class=\"reContent\" style=\"padding:5px\">ffffffffffffffffffffffffffffffffffffffffffffffffffffffffffffffffffffffffffffffffffff</div></div></div><h4 style=\"color:#4c9ed9;padding:5px\">测试</h4><div class=\"reContent\" style=\"padding:5px\">df</div></div></div><h4 style=\"color:#4c9ed9;padding:5px\">测试</h4><div class=\"reContent\" style=\"padding:5px\">fq</div></div></div><h4 style=\"color:#4c9ed9;padding:5px\">测试</h4><div class=\"reContent\" style=\"padding:5px\">fw</div></div></div><h4 style=\"color:#4c9ed9;padding:5px\">测试</h4><div class=\"reContent\" style=\"padding:5px\">e</div></div></div><h4 style=\"color:#4c9ed9;padding:5px\">测试</h4><div class=\"reContent\" style=\"padding:5px\">e</div></div><div style=\'padding:5px\'>e</div>','2016-03-23 15:35:39'),(295,4,2,'<div name=\"rc\" style=\"width:95%;word-wrap: break-word;background-color: #efe8d8;border: #d2d2d2 1px solid;\"><div name=\"rc\" style=\"margin:20px 5px;\"><div name=\"rc\" style=\"width:95%;word-wrap: break-word;background-color: #efe8d8;border: #d2d2d2 1px solid;\"><div name=\"rc\" style=\"margin:20px 5px;\"><div name=\"rc\" style=\"width:95%;word-wrap: break-word;background-color: #efe8d8;border: #d2d2d2 1px solid;\"><div name=\"rc\" style=\"margin:20px 5px;\"><div name=\"rc\" style=\"width:95%;word-wrap: break-word;background-color: #efe8d8;border: #d2d2d2 1px solid;\"><div name=\"rc\" style=\"margin:20px 5px;\"><div name=\"rc\" style=\"width:95%;word-wrap: break-word;background-color: #efe8d8;border: #d2d2d2 1px solid;\"><div name=\"rc\" style=\"margin:20px 5px;\"><div name=\"rc\" style=\"width:95%;word-wrap: break-word;background-color: #efe8d8;border: #d2d2d2 1px solid;\"><div name=\"rc\" style=\"margin:20px 5px;\"><div name=\"rc\" style=\"width:95%;word-wrap: break-word;background-color: #efe8d8;border: #d2d2d2 1px solid;\"><div name=\"rc\" style=\"margin:20px 5px;\"><div name=\"rc\" style=\"width:95%;word-wrap: break-word;background-color: #efe8d8;border: #d2d2d2 1px solid;\"><div name=\"rc\" style=\"margin:20px 5px;\"><div name=\"rc\" style=\"width:95%;word-wrap: break-word;background-color: #efe8d8;border: #d2d2d2 1px solid;\"><div name=\"rc\" style=\"margin:20px 5px;\"><div name=\"rc\" style=\"width:95%;word-wrap: break-word;background-color: #efe8d8;border: #d2d2d2 1px solid;\"><div name=\"rc\" style=\"margin:20px 5px;\"><div name=\"rc\" style=\"width:95%;word-wrap: break-word;background-color: #efe8d8;border: #d2d2d2 1px solid;\"><div name=\"rc\" style=\"margin:20px 5px;\"><div name=\"rc\" style=\"width:95%;word-wrap: break-word;background-color: #efe8d8;border: #d2d2d2 1px solid;\"><div name=\"rc\" style=\"margin:20px 5px;\"><div name=\"rc\" style=\"width:95%;word-wrap: break-word;background-color: #efe8d8;border: #d2d2d2 1px solid;\"><h4 style=\"color:#4c9ed9;padding:5px\">测试</h4><div class=\"reContent\" style=\"padding:5px\">q</div></div></div><h4 style=\"color:#4c9ed9;padding:5px\">测试</h4><div class=\"reContent\" style=\"padding:5px\">w</div></div></div><h4 style=\"color:#4c9ed9;padding:5px\">测试</h4><div class=\"reContent\" style=\"padding:5px\">e</div></div></div><h4 style=\"color:#4c9ed9;padding:5px\">测试</h4><div class=\"reContent\" style=\"padding:5px\">f</div></div></div><h4 style=\"color:#4c9ed9;padding:5px\">测试</h4><div class=\"reContent\" style=\"padding:5px\">qwe</div></div></div><h4 style=\"color:#4c9ed9;padding:5px\">测试</h4><div class=\"reContent\" style=\"padding:5px\">qwf</div></div></div><h4 style=\"color:#4c9ed9;padding:5px\">测试</h4><div class=\"reContent\" style=\"padding:5px\">ffffffffffffffffffffffffffffffffffffffffffffffffffffffffffffffffffffffffffffffffffff</div></div></div><h4 style=\"color:#4c9ed9;padding:5px\">测试</h4><div class=\"reContent\" style=\"padding:5px\">df</div></div></div><h4 style=\"color:#4c9ed9;padding:5px\">测试</h4><div class=\"reContent\" style=\"padding:5px\">fq</div></div></div><h4 style=\"color:#4c9ed9;padding:5px\">测试</h4><div class=\"reContent\" style=\"padding:5px\">fw</div></div></div><h4 style=\"color:#4c9ed9;padding:5px\">测试</h4><div class=\"reContent\" style=\"padding:5px\">e</div></div></div><h4 style=\"color:#4c9ed9;padding:5px\">测试</h4><div class=\"reContent\" style=\"padding:5px\">e</div></div></div><h4 style=\"color:#4c9ed9;padding:5px\">测试</h4><div class=\"reContent\" style=\"padding:5px\">e</div></div><div style=\'padding:5px\'>r</div>','2016-03-23 15:35:46'),(296,4,2,'<div name=\"rc\" style=\"width:95%;word-wrap: break-word;background-color: #efe8d8;border: #d2d2d2 1px solid;\"><div name=\"rc\" style=\"margin:20px 5px;\"><div name=\"rc\" style=\"width:95%;word-wrap: break-word;background-color: #efe8d8;border: #d2d2d2 1px solid;\"><div name=\"rc\" style=\"margin:20px 5px;\"><div name=\"rc\" style=\"width:95%;word-wrap: break-word;background-color: #efe8d8;border: #d2d2d2 1px solid;\"><div name=\"rc\" style=\"margin:20px 5px;\"><div name=\"rc\" style=\"width:95%;word-wrap: break-word;background-color: #efe8d8;border: #d2d2d2 1px solid;\"><div name=\"rc\" style=\"margin:20px 5px;\"><div name=\"rc\" style=\"width:95%;word-wrap: break-word;background-color: #efe8d8;border: #d2d2d2 1px solid;\"><div name=\"rc\" style=\"margin:20px 5px;\"><div name=\"rc\" style=\"width:95%;word-wrap: break-word;background-color: #efe8d8;border: #d2d2d2 1px solid;\"><div name=\"rc\" style=\"margin:20px 5px;\"><div name=\"rc\" style=\"width:95%;word-wrap: break-word;background-color: #efe8d8;border: #d2d2d2 1px solid;\"><div name=\"rc\" style=\"margin:20px 5px;\"><div name=\"rc\" style=\"width:95%;word-wrap: break-word;background-color: #efe8d8;border: #d2d2d2 1px solid;\"><div name=\"rc\" style=\"margin:20px 5px;\"><div name=\"rc\" style=\"width:95%;word-wrap: break-word;background-color: #efe8d8;border: #d2d2d2 1px solid;\"><div name=\"rc\" style=\"margin:20px 5px;\"><div name=\"rc\" style=\"width:95%;word-wrap: break-word;background-color: #efe8d8;border: #d2d2d2 1px solid;\"><div name=\"rc\" style=\"margin:20px 5px;\"><div name=\"rc\" style=\"width:95%;word-wrap: break-word;background-color: #efe8d8;border: #d2d2d2 1px solid;\"><div name=\"rc\" style=\"margin:20px 5px;\"><div name=\"rc\" style=\"width:95%;word-wrap: break-word;background-color: #efe8d8;border: #d2d2d2 1px solid;\"><div name=\"rc\" style=\"margin:20px 5px;\"><div name=\"rc\" style=\"width:95%;word-wrap: break-word;background-color: #efe8d8;border: #d2d2d2 1px solid;\"><div name=\"rc\" style=\"margin:20px 5px;\"><div name=\"rc\" style=\"width:95%;word-wrap: break-word;background-color: #efe8d8;border: #d2d2d2 1px solid;\"><h4 style=\"color:#4c9ed9;padding:5px\">测试</h4><div class=\"reContent\" style=\"padding:5px\">q</div></div></div><h4 style=\"color:#4c9ed9;padding:5px\">测试</h4><div class=\"reContent\" style=\"padding:5px\">w</div></div></div><h4 style=\"color:#4c9ed9;padding:5px\">测试</h4><div class=\"reContent\" style=\"padding:5px\">e</div></div></div><h4 style=\"color:#4c9ed9;padding:5px\">测试</h4><div class=\"reContent\" style=\"padding:5px\">f</div></div></div><h4 style=\"color:#4c9ed9;padding:5px\">测试</h4><div class=\"reContent\" style=\"padding:5px\">qwe</div></div></div><h4 style=\"color:#4c9ed9;padding:5px\">测试</h4><div class=\"reContent\" style=\"padding:5px\">qwf</div></div></div><h4 style=\"color:#4c9ed9;padding:5px\">测试</h4><div class=\"reContent\" style=\"padding:5px\">ffffffffffffffffffffffffffffffffffffffffffffffffffffffffffffffffffffffffffffffffffff</div></div></div><h4 style=\"color:#4c9ed9;padding:5px\">测试</h4><div class=\"reContent\" style=\"padding:5px\">df</div></div></div><h4 style=\"color:#4c9ed9;padding:5px\">测试</h4><div class=\"reContent\" style=\"padding:5px\">fq</div></div></div><h4 style=\"color:#4c9ed9;padding:5px\">测试</h4><div class=\"reContent\" style=\"padding:5px\">fw</div></div></div><h4 style=\"color:#4c9ed9;padding:5px\">测试</h4><div class=\"reContent\" style=\"padding:5px\">e</div></div></div><h4 style=\"color:#4c9ed9;padding:5px\">测试</h4><div class=\"reContent\" style=\"padding:5px\">e</div></div></div><h4 style=\"color:#4c9ed9;padding:5px\">测试</h4><div class=\"reContent\" style=\"padding:5px\">e</div></div></div><h4 style=\"color:#4c9ed9;padding:5px\">测试</h4><div class=\"reContent\" style=\"padding:5px\">r</div></div><div style=\'padding:5px\'>tew</div>','2016-03-23 15:35:50'),(297,4,2,'<div name=\"rc\" style=\"width:95%;word-wrap: break-word;background-color: #efe8d8;border: #d2d2d2 1px solid;\"><div name=\"rc\" style=\"margin:20px 5px;\"><div name=\"rc\" style=\"width:95%;word-wrap: break-word;background-color: #efe8d8;border: #d2d2d2 1px solid;\"><div name=\"rc\" style=\"margin:20px 5px;\"><div name=\"rc\" style=\"width:95%;word-wrap: break-word;background-color: #efe8d8;border: #d2d2d2 1px solid;\"><div name=\"rc\" style=\"margin:20px 5px;\"><div name=\"rc\" style=\"width:95%;word-wrap: break-word;background-color: #efe8d8;border: #d2d2d2 1px solid;\"><div name=\"rc\" style=\"margin:20px 5px;\"><div name=\"rc\" style=\"width:95%;word-wrap: break-word;background-color: #efe8d8;border: #d2d2d2 1px solid;\"><div name=\"rc\" style=\"margin:20px 5px;\"><div name=\"rc\" style=\"width:95%;word-wrap: break-word;background-color: #efe8d8;border: #d2d2d2 1px solid;\"><div name=\"rc\" style=\"margin:20px 5px;\"><div name=\"rc\" style=\"width:95%;word-wrap: break-word;background-color: #efe8d8;border: #d2d2d2 1px solid;\"><div name=\"rc\" style=\"margin:20px 5px;\"><div name=\"rc\" style=\"width:95%;word-wrap: break-word;background-color: #efe8d8;border: #d2d2d2 1px solid;\"><div name=\"rc\" style=\"margin:20px 5px;\"><div name=\"rc\" style=\"width:95%;word-wrap: break-word;background-color: #efe8d8;border: #d2d2d2 1px solid;\"><div name=\"rc\" style=\"margin:20px 5px;\"><div name=\"rc\" style=\"width:95%;word-wrap: break-word;background-color: #efe8d8;border: #d2d2d2 1px solid;\"><div name=\"rc\" style=\"margin:20px 5px;\"><div name=\"rc\" style=\"width:95%;word-wrap: break-word;background-color: #efe8d8;border: #d2d2d2 1px solid;\"><div name=\"rc\" style=\"margin:20px 5px;\"><div name=\"rc\" style=\"width:95%;word-wrap: break-word;background-color: #efe8d8;border: #d2d2d2 1px solid;\"><div name=\"rc\" style=\"margin:20px 5px;\"><div name=\"rc\" style=\"width:95%;word-wrap: break-word;background-color: #efe8d8;border: #d2d2d2 1px solid;\"><div name=\"rc\" style=\"margin:20px 5px;\"><div name=\"rc\" style=\"width:95%;word-wrap: break-word;background-color: #efe8d8;border: #d2d2d2 1px solid;\"><div name=\"rc\" style=\"margin:20px 5px;\"><div name=\"rc\" style=\"width:95%;word-wrap: break-word;background-color: #efe8d8;border: #d2d2d2 1px solid;\"><h4 style=\"color:#4c9ed9;padding:5px\">测试</h4><div class=\"reContent\" style=\"padding:5px\">q</div></div></div><h4 style=\"color:#4c9ed9;padding:5px\">测试</h4><div class=\"reContent\" style=\"padding:5px\">w</div></div></div><h4 style=\"color:#4c9ed9;padding:5px\">测试</h4><div class=\"reContent\" style=\"padding:5px\">e</div></div></div><h4 style=\"color:#4c9ed9;padding:5px\">测试</h4><div class=\"reContent\" style=\"padding:5px\">f</div></div></div><h4 style=\"color:#4c9ed9;padding:5px\">测试</h4><div class=\"reContent\" style=\"padding:5px\">qwe</div></div></div><h4 style=\"color:#4c9ed9;padding:5px\">测试</h4><div class=\"reContent\" style=\"padding:5px\">qwf</div></div></div><h4 style=\"color:#4c9ed9;padding:5px\">测试</h4><div class=\"reContent\" style=\"padding:5px\">ffffffffffffffffffffffffffffffffffffffffffffffffffffffffffffffffffffffffffffffffffff</div></div></div><h4 style=\"color:#4c9ed9;padding:5px\">测试</h4><div class=\"reContent\" style=\"padding:5px\">df</div></div></div><h4 style=\"color:#4c9ed9;padding:5px\">测试</h4><div class=\"reContent\" style=\"padding:5px\">fq</div></div></div><h4 style=\"color:#4c9ed9;padding:5px\">测试</h4><div class=\"reContent\" style=\"padding:5px\">fw</div></div></div><h4 style=\"color:#4c9ed9;padding:5px\">测试</h4><div class=\"reContent\" style=\"padding:5px\">e</div></div></div><h4 style=\"color:#4c9ed9;padding:5px\">测试</h4><div class=\"reContent\" style=\"padding:5px\">e</div></div></div><h4 style=\"color:#4c9ed9;padding:5px\">测试</h4><div class=\"reContent\" style=\"padding:5px\">e</div></div></div><h4 style=\"color:#4c9ed9;padding:5px\">测试</h4><div class=\"reContent\" style=\"padding:5px\">r</div></div></div><h4 style=\"color:#4c9ed9;padding:5px\">测试</h4><div class=\"reContent\" style=\"padding:5px\">tew</div></div><div style=\'padding:5px\'>r</div>','2016-03-23 15:35:54'),(298,4,2,'<div name=\"rc\" style=\"width:95%;word-wrap: break-word;background-color: #efe8d8;border: #d2d2d2 1px solid;\"><div name=\"rc\" style=\"margin:20px 5px;\"><div name=\"rc\" style=\"width:95%;word-wrap: break-word;background-color: #efe8d8;border: #d2d2d2 1px solid;\"><div name=\"rc\" style=\"margin:20px 5px;\"><div name=\"rc\" style=\"width:95%;word-wrap: break-word;background-color: #efe8d8;border: #d2d2d2 1px solid;\"><div name=\"rc\" style=\"margin:20px 5px;\"><div name=\"rc\" style=\"width:95%;word-wrap: break-word;background-color: #efe8d8;border: #d2d2d2 1px solid;\"><div name=\"rc\" style=\"margin:20px 5px;\"><div name=\"rc\" style=\"width:95%;word-wrap: break-word;background-color: #efe8d8;border: #d2d2d2 1px solid;\"><div name=\"rc\" style=\"margin:20px 5px;\"><div name=\"rc\" style=\"width:95%;word-wrap: break-word;background-color: #efe8d8;border: #d2d2d2 1px solid;\"><div name=\"rc\" style=\"margin:20px 5px;\"><div name=\"rc\" style=\"width:95%;word-wrap: break-word;background-color: #efe8d8;border: #d2d2d2 1px solid;\"><div name=\"rc\" style=\"margin:20px 5px;\"><div name=\"rc\" style=\"width:95%;word-wrap: break-word;background-color: #efe8d8;border: #d2d2d2 1px solid;\"><div name=\"rc\" style=\"margin:20px 5px;\"><div name=\"rc\" style=\"width:95%;word-wrap: break-word;background-color: #efe8d8;border: #d2d2d2 1px solid;\"><div name=\"rc\" style=\"margin:20px 5px;\"><div name=\"rc\" style=\"width:95%;word-wrap: break-word;background-color: #efe8d8;border: #d2d2d2 1px solid;\"><div name=\"rc\" style=\"margin:20px 5px;\"><div name=\"rc\" style=\"width:95%;word-wrap: break-word;background-color: #efe8d8;border: #d2d2d2 1px solid;\"><div name=\"rc\" style=\"margin:20px 5px;\"><div name=\"rc\" style=\"width:95%;word-wrap: break-word;background-color: #efe8d8;border: #d2d2d2 1px solid;\"><div name=\"rc\" style=\"margin:20px 5px;\"><div name=\"rc\" style=\"width:95%;word-wrap: break-word;background-color: #efe8d8;border: #d2d2d2 1px solid;\"><div name=\"rc\" style=\"margin:20px 5px;\"><div name=\"rc\" style=\"width:95%;word-wrap: break-word;background-color: #efe8d8;border: #d2d2d2 1px solid;\"><div name=\"rc\" style=\"margin:20px 5px;\"><div name=\"rc\" style=\"width:95%;word-wrap: break-word;background-color: #efe8d8;border: #d2d2d2 1px solid;\"><div name=\"rc\" style=\"margin:20px 5px;\"><div name=\"rc\" style=\"width:95%;word-wrap: break-word;background-color: #efe8d8;border: #d2d2d2 1px solid;\"><h4 style=\"color:#4c9ed9;padding:5px\">测试</h4><div class=\"reContent\" style=\"padding:5px\">q</div></div></div><h4 style=\"color:#4c9ed9;padding:5px\">测试</h4><div class=\"reContent\" style=\"padding:5px\">w</div></div></div><h4 style=\"color:#4c9ed9;padding:5px\">测试</h4><div class=\"reContent\" style=\"padding:5px\">e</div></div></div><h4 style=\"color:#4c9ed9;padding:5px\">测试</h4><div class=\"reContent\" style=\"padding:5px\">f</div></div></div><h4 style=\"color:#4c9ed9;padding:5px\">测试</h4><div class=\"reContent\" style=\"padding:5px\">qwe</div></div></div><h4 style=\"color:#4c9ed9;padding:5px\">测试</h4><div class=\"reContent\" style=\"padding:5px\">qwf</div></div></div><h4 style=\"color:#4c9ed9;padding:5px\">测试</h4><div class=\"reContent\" style=\"padding:5px\">ffffffffffffffffffffffffffffffffffffffffffffffffffffffffffffffffffffffffffffffffffff</div></div></div><h4 style=\"color:#4c9ed9;padding:5px\">测试</h4><div class=\"reContent\" style=\"padding:5px\">df</div></div></div><h4 style=\"color:#4c9ed9;padding:5px\">测试</h4><div class=\"reContent\" style=\"padding:5px\">fq</div></div></div><h4 style=\"color:#4c9ed9;padding:5px\">测试</h4><div class=\"reContent\" style=\"padding:5px\">fw</div></div></div><h4 style=\"color:#4c9ed9;padding:5px\">测试</h4><div class=\"reContent\" style=\"padding:5px\">e</div></div></div><h4 style=\"color:#4c9ed9;padding:5px\">测试</h4><div class=\"reContent\" style=\"padding:5px\">e</div></div></div><h4 style=\"color:#4c9ed9;padding:5px\">测试</h4><div class=\"reContent\" style=\"padding:5px\">e</div></div></div><h4 style=\"color:#4c9ed9;padding:5px\">测试</h4><div class=\"reContent\" style=\"padding:5px\">r</div></div></div><h4 style=\"color:#4c9ed9;padding:5px\">测试</h4><div class=\"reContent\" style=\"padding:5px\">tew</div></div></div><h4 style=\"color:#4c9ed9;padding:5px\">测试</h4><div class=\"reContent\" style=\"padding:5px\">r</div></div><div style=\'padding:5px\'>re</div>','2016-03-23 15:35:59'),(299,4,2,'<div name=\"rc\" style=\"width:95%;word-wrap: break-word;background-color: #efe8d8;border: #d2d2d2 1px solid;\"><div name=\"rc\" style=\"margin:20px 5px;\"><div name=\"rc\" style=\"width:95%;word-wrap: break-word;background-color: #efe8d8;border: #d2d2d2 1px solid;\"><div name=\"rc\" style=\"margin:20px 5px;\"><div name=\"rc\" style=\"width:95%;word-wrap: break-word;background-color: #efe8d8;border: #d2d2d2 1px solid;\"><div name=\"rc\" style=\"margin:20px 5px;\"><div name=\"rc\" style=\"width:95%;word-wrap: break-word;background-color: #efe8d8;border: #d2d2d2 1px solid;\"><div name=\"rc\" style=\"margin:20px 5px;\"><div name=\"rc\" style=\"width:95%;word-wrap: break-word;background-color: #efe8d8;border: #d2d2d2 1px solid;\"><div name=\"rc\" style=\"margin:20px 5px;\"><div name=\"rc\" style=\"width:95%;word-wrap: break-word;background-color: #efe8d8;border: #d2d2d2 1px solid;\"><div name=\"rc\" style=\"margin:20px 5px;\"><div name=\"rc\" style=\"width:95%;word-wrap: break-word;background-color: #efe8d8;border: #d2d2d2 1px solid;\"><div name=\"rc\" style=\"margin:20px 5px;\"><div name=\"rc\" style=\"width:95%;word-wrap: break-word;background-color: #efe8d8;border: #d2d2d2 1px solid;\"><div name=\"rc\" style=\"margin:20px 5px;\"><div name=\"rc\" style=\"width:95%;word-wrap: break-word;background-color: #efe8d8;border: #d2d2d2 1px solid;\"><div name=\"rc\" style=\"margin:20px 5px;\"><div name=\"rc\" style=\"width:95%;word-wrap: break-word;background-color: #efe8d8;border: #d2d2d2 1px solid;\"><div name=\"rc\" style=\"margin:20px 5px;\"><div name=\"rc\" style=\"width:95%;word-wrap: break-word;background-color: #efe8d8;border: #d2d2d2 1px solid;\"><div name=\"rc\" style=\"margin:20px 5px;\"><div name=\"rc\" style=\"width:95%;word-wrap: break-word;background-color: #efe8d8;border: #d2d2d2 1px solid;\"><div name=\"rc\" style=\"margin:20px 5px;\"><div name=\"rc\" style=\"width:95%;word-wrap: break-word;background-color: #efe8d8;border: #d2d2d2 1px solid;\"><div name=\"rc\" style=\"margin:20px 5px;\"><div name=\"rc\" style=\"width:95%;word-wrap: break-word;background-color: #efe8d8;border: #d2d2d2 1px solid;\"><div name=\"rc\" style=\"margin:20px 5px;\"><div name=\"rc\" style=\"width:95%;word-wrap: break-word;background-color: #efe8d8;border: #d2d2d2 1px solid;\"><div name=\"rc\" style=\"margin:20px 5px;\"><div name=\"rc\" style=\"width:95%;word-wrap: break-word;background-color: #efe8d8;border: #d2d2d2 1px solid;\"><div name=\"rc\" style=\"margin:20px 5px;\"><div name=\"rc\" style=\"width:95%;word-wrap: break-word;background-color: #efe8d8;border: #d2d2d2 1px solid;\"><h4 style=\"color:#4c9ed9;padding:5px\">测试</h4><div class=\"reContent\" style=\"padding:5px\">q</div></div></div><h4 style=\"color:#4c9ed9;padding:5px\">测试</h4><div class=\"reContent\" style=\"padding:5px\">w</div></div></div><h4 style=\"color:#4c9ed9;padding:5px\">测试</h4><div class=\"reContent\" style=\"padding:5px\">e</div></div></div><h4 style=\"color:#4c9ed9;padding:5px\">测试</h4><div class=\"reContent\" style=\"padding:5px\">f</div></div></div><h4 style=\"color:#4c9ed9;padding:5px\">测试</h4><div class=\"reContent\" style=\"padding:5px\">qwe</div></div></div><h4 style=\"color:#4c9ed9;padding:5px\">测试</h4><div class=\"reContent\" style=\"padding:5px\">qwf</div></div></div><h4 style=\"color:#4c9ed9;padding:5px\">测试</h4><div class=\"reContent\" style=\"padding:5px\">ffffffffffffffffffffffffffffffffffffffffffffffffffffffffffffffffffffffffffffffffffff</div></div></div><h4 style=\"color:#4c9ed9;padding:5px\">测试</h4><div class=\"reContent\" style=\"padding:5px\">df</div></div></div><h4 style=\"color:#4c9ed9;padding:5px\">测试</h4><div class=\"reContent\" style=\"padding:5px\">fq</div></div></div><h4 style=\"color:#4c9ed9;padding:5px\">测试</h4><div class=\"reContent\" style=\"padding:5px\">fw</div></div></div><h4 style=\"color:#4c9ed9;padding:5px\">测试</h4><div class=\"reContent\" style=\"padding:5px\">e</div></div></div><h4 style=\"color:#4c9ed9;padding:5px\">测试</h4><div class=\"reContent\" style=\"padding:5px\">e</div></div></div><h4 style=\"color:#4c9ed9;padding:5px\">测试</h4><div class=\"reContent\" style=\"padding:5px\">e</div></div></div><h4 style=\"color:#4c9ed9;padding:5px\">测试</h4><div class=\"reContent\" style=\"padding:5px\">r</div></div></div><h4 style=\"color:#4c9ed9;padding:5px\">测试</h4><div class=\"reContent\" style=\"padding:5px\">tew</div></div></div><h4 style=\"color:#4c9ed9;padding:5px\">测试</h4><div class=\"reContent\" style=\"padding:5px\">r</div></div></div><h4 style=\"color:#4c9ed9;padding:5px\">测试</h4><div class=\"reContent\" style=\"padding:5px\">re</div></div><div style=\'padding:5px\'>fq</div>','2016-03-23 15:41:26'),(306,4,2,'<div name=\"rc\" style=\"width:95%;word-wrap: break-word;background-color: #efe8d8;border: #d2d2d2 1px solid;\"><div name=\"rc\" style=\"margin:20px 5px;\"><div name=\"rc\" style=\"width:95%;word-wrap: break-word;background-color: #efe8d8;border: #d2d2d2 1px solid;\"><div name=\"rc\" style=\"margin:20px 5px;\"><div name=\"rc\" style=\"width:95%;word-wrap: break-word;background-color: #efe8d8;border: #d2d2d2 1px solid;\"><div name=\"rc\" style=\"margin:20px 5px;\"><div name=\"rc\" style=\"width:95%;word-wrap: break-word;background-color: #efe8d8;border: #d2d2d2 1px solid;\"><div name=\"rc\" style=\"margin:20px 5px;\"><div name=\"rc\" style=\"width:95%;word-wrap: break-word;background-color: #efe8d8;border: #d2d2d2 1px solid;\"><div name=\"rc\" style=\"margin:20px 5px;\"><div name=\"rc\" style=\"width:95%;word-wrap: break-word;background-color: #efe8d8;border: #d2d2d2 1px solid;\"><div name=\"rc\" style=\"margin:20px 5px;\"><div name=\"rc\" style=\"width:95%;word-wrap: break-word;background-color: #efe8d8;border: #d2d2d2 1px solid;\"><div name=\"rc\" style=\"margin:20px 5px;\"><div name=\"rc\" style=\"width:95%;word-wrap: break-word;background-color: #efe8d8;border: #d2d2d2 1px solid;\"><div name=\"rc\" style=\"margin:20px 5px;\"><div name=\"rc\" style=\"width:95%;word-wrap: break-word;background-color: #efe8d8;border: #d2d2d2 1px solid;\"><div name=\"rc\" style=\"margin:20px 5px;\"><div name=\"rc\" style=\"width:95%;word-wrap: break-word;background-color: #efe8d8;border: #d2d2d2 1px solid;\"><div name=\"rc\" style=\"margin:20px 5px;\"><div name=\"rc\" style=\"width:95%;word-wrap: break-word;background-color: #efe8d8;border: #d2d2d2 1px solid;\"><div name=\"rc\" style=\"margin:20px 5px;\"><div name=\"rc\" style=\"width:95%;word-wrap: break-word;background-color: #efe8d8;border: #d2d2d2 1px solid;\"><div name=\"rc\" style=\"margin:20px 5px;\"><div name=\"rc\" style=\"width:95%;word-wrap: break-word;background-color: #efe8d8;border: #d2d2d2 1px solid;\"><div name=\"rc\" style=\"margin:20px 5px;\"><div name=\"rc\" style=\"width:95%;word-wrap: break-word;background-color: #efe8d8;border: #d2d2d2 1px solid;\"><div name=\"rc\" style=\"margin:20px 5px;\"><div name=\"rc\" style=\"width:95%;word-wrap: break-word;background-color: #efe8d8;border: #d2d2d2 1px solid;\"><div name=\"rc\" style=\"margin:20px 5px;\"><div name=\"rc\" style=\"width:95%;word-wrap: break-word;background-color: #efe8d8;border: #d2d2d2 1px solid;\"><div name=\"rc\" style=\"margin:20px 5px;\"><div name=\"rc\" style=\"width:95%;word-wrap: break-word;background-color: #efe8d8;border: #d2d2d2 1px solid;\"><div name=\"rc\" style=\"margin:20px 5px;\"><div name=\"rc\" style=\"width:95%;word-wrap: break-word;background-color: #efe8d8;border: #d2d2d2 1px solid;\"><h4 style=\"color:#4c9ed9;padding:5px\">测试</h4><div class=\"reContent\" style=\"padding:5px\">q</div></div></div><h4 style=\"color:#4c9ed9;padding:5px\">测试</h4><div class=\"reContent\" style=\"padding:5px\">w</div></div></div><h4 style=\"color:#4c9ed9;padding:5px\">测试</h4><div class=\"reContent\" style=\"padding:5px\">e</div></div></div><h4 style=\"color:#4c9ed9;padding:5px\">测试</h4><div class=\"reContent\" style=\"padding:5px\">f</div></div></div><h4 style=\"color:#4c9ed9;padding:5px\">测试</h4><div class=\"reContent\" style=\"padding:5px\">qwe</div></div></div><h4 style=\"color:#4c9ed9;padding:5px\">测试</h4><div class=\"reContent\" style=\"padding:5px\">qwf</div></div></div><h4 style=\"color:#4c9ed9;padding:5px\">测试</h4><div class=\"reContent\" style=\"padding:5px\">ffffffffffffffffffffffffffffffffffffffffffffffffffffffffffffffffffffffffffffffffffff</div></div></div><h4 style=\"color:#4c9ed9;padding:5px\">测试</h4><div class=\"reContent\" style=\"padding:5px\">df</div></div></div><h4 style=\"color:#4c9ed9;padding:5px\">测试</h4><div class=\"reContent\" style=\"padding:5px\">fq</div></div></div><h4 style=\"color:#4c9ed9;padding:5px\">测试</h4><div class=\"reContent\" style=\"padding:5px\">fw</div></div></div><h4 style=\"color:#4c9ed9;padding:5px\">测试</h4><div class=\"reContent\" style=\"padding:5px\">e</div></div></div><h4 style=\"color:#4c9ed9;padding:5px\">测试</h4><div class=\"reContent\" style=\"padding:5px\">e</div></div></div><h4 style=\"color:#4c9ed9;padding:5px\">测试</h4><div class=\"reContent\" style=\"padding:5px\">e</div></div></div><h4 style=\"color:#4c9ed9;padding:5px\">测试</h4><div class=\"reContent\" style=\"padding:5px\">r</div></div></div><h4 style=\"color:#4c9ed9;padding:5px\">测试</h4><div class=\"reContent\" style=\"padding:5px\">tew</div></div></div><h4 style=\"color:#4c9ed9;padding:5px\">测试</h4><div class=\"reContent\" style=\"padding:5px\">r</div></div></div><h4 style=\"color:#4c9ed9;padding:5px\">测试</h4><div class=\"reContent\" style=\"padding:5px\">re</div></div></div><h4 style=\"color:#4c9ed9;padding:5px\">测试</h4><div class=\"reContent\" style=\"padding:5px\">fq</div></div><div style=\'padding:5px\'>去去去</div>','2016-03-24 09:34:13'),(307,3,2,'11111111111','2016-03-24 09:51:19'),(308,3,2,'<div name=\"rc\" style=\"width:95%;word-wrap: break-word;background-color: #efe8d8;border: #d2d2d2 1px solid;\"><h4 style=\"color:#4c9ed9;padding:5px\">测试</h4><div class=\"reContent\" style=\"padding:5px\">11111111111</div></div><div style=\'padding:5px\'>222222222222</div>','2016-03-24 09:51:23'),(309,3,2,'<div name=\"rc\" style=\"width:95%;word-wrap: break-word;background-color: #efe8d8;border: #d2d2d2 1px solid;\"><div name=\"rc\" style=\"margin:20px 5px;\"><div name=\"rc\" style=\"width:95%;word-wrap: break-word;background-color: #efe8d8;border: #d2d2d2 1px solid;\"><h4 style=\"color:#4c9ed9;padding:5px\">测试</h4><div class=\"reContent\" style=\"padding:5px\">11111111111</div></div></div><h4 style=\"color:#4c9ed9;padding:5px\">测试</h4><div class=\"reContent\" style=\"padding:5px\">222222222222</div></div><div style=\'padding:5px\'>33333333333333</div>','2016-03-24 09:51:28'),(310,3,2,'<div name=\"rc\" style=\"width:95%;word-wrap: break-word;background-color: #efe8d8;border: #d2d2d2 1px solid;\"><div name=\"rc\" style=\"margin:20px 5px;\"><div name=\"rc\" style=\"width:95%;word-wrap: break-word;background-color: #efe8d8;border: #d2d2d2 1px solid;\"><h4 style=\"color:#4c9ed9;padding:5px\">测试</h4><div class=\"reContent\" style=\"padding:5px\">11111111111</div></div></div><h4 style=\"color:#4c9ed9;padding:5px\">测试</h4><div class=\"reContent\" style=\"padding:5px\">222222222222</div></div><div style=\'padding:5px\'>4444444444</div>','2016-03-24 09:51:35'),(311,3,2,'<div name=\"rc\" style=\"width:95%;word-wrap: break-word;background-color: #efe8d8;border: #d2d2d2 1px solid;\"><div name=\"rc\" style=\"margin:20px 5px;\"><div name=\"rc\" style=\"width:95%;word-wrap: break-word;background-color: #efe8d8;border: #d2d2d2 1px solid;\"><div name=\"rc\" style=\"margin:20px 5px;\"><div name=\"rc\" style=\"width:95%;word-wrap: break-word;background-color: #efe8d8;border: #d2d2d2 1px solid;\"><h4 style=\"color:#4c9ed9;padding:5px\">测试</h4><div class=\"reContent\" style=\"padding:5px\">11111111111</div></div></div><h4 style=\"color:#4c9ed9;padding:5px\">测试</h4><div class=\"reContent\" style=\"padding:5px\">222222222222</div></div></div><h4 style=\"color:#4c9ed9;padding:5px\">测试</h4><div class=\"reContent\" style=\"padding:5px\">4444444444</div></div><div style=\'padding:5px\'>333333333333</div>','2016-03-24 09:51:42');

/*Table structure for table `adv` */

DROP TABLE IF EXISTS `adv`;

CREATE TABLE `adv` (
  `id` int(11) NOT NULL AUTO_INCREMENT,
  `img_src` varchar(100) NOT NULL COMMENT '图片路径',
  `adv_type` int(1) NOT NULL COMMENT '广告类型,0公告,1工作,2链接,3活动',
  `content` varchar(3000) DEFAULT NULL COMMENT '广告内容',
  `job_id` int(11) DEFAULT NULL COMMENT '职位ID',
  `create_time` datetime DEFAULT NULL COMMENT '创建时间',
  `link_url` varchar(500) DEFAULT NULL,
  `a_id` int(11) DEFAULT NULL,
  PRIMARY KEY (`id`)
) ENGINE=InnoDB AUTO_INCREMENT=31 DEFAULT CHARSET=utf8;

/*Data for the table `adv` */

insert  into `adv`(`id`,`img_src`,`adv_type`,`content`,`job_id`,`create_time`,`link_url`,`a_id`) values (24,'A8/Ub/1452258051890.png',1,'',49,'2016-03-31 18:50:15','',-1),(25,'A8/Ub/1452258051890.png',2,'',-1,'2016-03-31 19:01:40','www.baidu.com',-1),(26,'A8/Ub/1452258051890.png',3,'',-1,'2016-03-31 19:02:00','',4),(27,'jw\\VH\\1459836538001.jpg',0,'<p>钱钱钱钱钱钱钱钱钱钱钱钱钱钱钱<img alt=\"\" src=\"/BlueCollar/images/NSWie9836558151.jpg\" /></p>',NULL,'2016-04-05 14:10:04',NULL,NULL),(30,'Rk\\rY\\1459838283572.jpg',2,'',-1,'2016-04-05 14:38:21','www.xnljl.com',-1);

/*Table structure for table `career` */

DROP TABLE IF EXISTS `career`;

CREATE TABLE `career` (
  `id` int(11) NOT NULL AUTO_INCREMENT,
  `name` varchar(255) DEFAULT NULL,
  `desc` varchar(500) DEFAULT NULL,
  `industry_id` int(11) DEFAULT NULL,
  PRIMARY KEY (`id`),
  UNIQUE KEY `NewIndex1` (`name`,`industry_id`)
) ENGINE=InnoDB AUTO_INCREMENT=33 DEFAULT CHARSET=utf8;

/*Data for the table `career` */

insert  into `career`(`id`,`name`,`desc`,`industry_id`) values (1,'后端开发','',1),(2,'移动开发','',1),(3,'测试','',1),(4,'运维','',1),(5,'DBA','',1),(6,'项目管理','',1),(7,'高端技术职位','',1),(8,'硬件开发','',1),(9,'前端开发','',1),(10,'产品经理','',2),(11,'产品设计师','',2),(12,'高端产品职位','',2),(13,'视觉设计','',3),(14,'交互设计','',3),(15,'用户研究','',3),(16,'高端设计职位','',3),(17,'运营','',4),(18,'编辑','',4),(19,'客服','',4),(20,'高端营运职位','',4),(21,'市场／营销','',5),(22,'公关','',5),(23,'高端市场','',5),(24,'人力资源','',6),(25,'行政','',6),(26,'财务','',6),(27,'高端职能职位','',6),(28,'法务','',6),(29,'销售','',7),(30,'高端销售','',7),(32,'其他','',9);

/*Table structure for table `career_position` */

DROP TABLE IF EXISTS `career_position`;

CREATE TABLE `career_position` (
  `id` int(11) NOT NULL AUTO_INCREMENT,
  `careerId` int(11) DEFAULT NULL COMMENT '类型ID',
  `positionId` int(11) DEFAULT NULL COMMENT '职位ID',
  PRIMARY KEY (`id`),
  UNIQUE KEY `onlyK1` (`careerId`,`positionId`)
) ENGINE=InnoDB AUTO_INCREMENT=228 DEFAULT CHARSET=utf8;

/*Data for the table `career_position` */

insert  into `career_position`(`id`,`careerId`,`positionId`) values (1,1,1),(2,1,2),(3,1,3),(4,1,4),(5,1,5),(6,1,6),(7,1,7),(8,1,8),(9,1,9),(10,1,10),(11,1,11),(12,1,12),(13,1,13),(14,1,14),(15,1,15),(16,1,16),(17,1,17),(18,1,18),(19,2,19),(20,2,20),(21,2,21),(22,2,22),(23,2,23),(24,2,24),(25,2,25),(26,2,26),(27,2,27),(28,3,28),(29,3,29),(30,3,30),(31,3,31),(32,3,32),(33,3,33),(34,3,34),(35,3,35),(36,3,36),(37,4,37),(38,4,38),(39,4,39),(40,4,40),(41,4,41),(42,4,42),(43,4,43),(44,4,44),(53,5,4),(45,5,45),(46,5,46),(47,5,47),(48,5,48),(49,5,49),(50,5,50),(51,5,51),(52,5,52),(54,6,53),(55,6,54),(56,6,55),(57,6,56),(58,6,57),(59,7,58),(60,7,59),(61,7,60),(62,7,61),(63,7,62),(64,7,63),(65,7,64),(66,8,65),(67,8,66),(68,8,67),(69,8,68),(70,8,69),(71,8,70),(72,8,71),(73,8,72),(74,8,73),(75,8,74),(76,8,75),(77,8,76),(78,8,77),(79,8,78),(80,8,79),(84,9,19),(81,9,23),(82,9,25),(83,9,80),(85,10,81),(86,10,82),(87,10,83),(88,10,84),(89,10,85),(90,10,86),(91,10,87),(92,11,88),(93,11,89),(94,12,90),(95,12,91),(96,12,92),(97,13,93),(98,13,94),(99,13,95),(100,13,96),(101,13,97),(102,13,98),(103,13,99),(104,13,100),(105,13,101),(106,13,102),(107,13,103),(108,13,104),(109,13,105),(110,13,106),(111,13,107),(112,13,108),(113,14,109),(114,14,110),(115,14,111),(116,14,112),(117,15,113),(118,15,114),(119,15,115),(120,15,116),(121,15,117),(122,15,118),(123,16,119),(124,16,120),(125,16,121),(126,16,122),(127,16,123),(128,16,124),(129,17,125),(130,17,126),(131,17,127),(132,17,128),(133,17,129),(134,17,130),(135,17,131),(136,17,132),(137,17,133),(138,17,134),(139,17,135),(140,17,136),(141,17,137),(142,17,138),(143,17,139),(144,17,140),(145,18,141),(146,18,142),(147,18,143),(148,18,144),(149,18,145),(150,18,146),(151,19,147),(152,19,148),(153,19,149),(154,19,150),(155,20,151),(156,20,152),(157,20,153),(158,20,154),(159,20,155),(160,21,156),(161,21,157),(162,21,158),(163,21,159),(164,21,160),(165,21,161),(166,21,162),(167,21,163),(168,21,164),(169,21,165),(170,21,166),(171,21,167),(172,22,168),(173,22,169),(174,22,170),(175,22,171),(176,22,172),(177,23,173),(178,23,174),(179,23,175),(180,24,176),(181,24,177),(182,24,178),(183,24,179),(184,24,180),(185,24,181),(186,24,182),(187,25,183),(188,25,184),(189,25,185),(190,25,186),(191,25,187),(192,25,188),(193,26,189),(194,26,190),(195,26,191),(196,26,192),(197,26,193),(198,26,194),(199,26,195),(200,27,196),(201,27,197),(202,27,198),(203,27,199),(204,28,200),(205,28,201),(206,28,202),(207,28,203),(208,28,204),(209,28,205),(215,29,162),(210,29,206),(211,29,207),(212,29,208),(213,29,209),(214,29,210),(216,29,211),(217,29,212),(218,29,213),(219,29,214),(220,29,215),(221,29,216),(222,29,217),(223,30,218),(224,30,219),(225,30,220),(226,31,220),(227,32,221);

/*Table structure for table `city` */

DROP TABLE IF EXISTS `city`;

CREATE TABLE `city` (
  `id` int(11) NOT NULL AUTO_INCREMENT,
  `provinceId` int(11) DEFAULT NULL,
  `name` varchar(255) DEFAULT NULL,
  PRIMARY KEY (`id`)
) ENGINE=InnoDB AUTO_INCREMENT=457 DEFAULT CHARSET=utf8;

/*Data for the table `city` */

insert  into `city`(`id`,`provinceId`,`name`) values (1,1,'北京市'),(2,1,'上海市\r\n'),(3,1,'天津市\r\n'),(4,1,'重庆市\r\n'),(5,2,'三河市\r'),(6,2,'京东燕郊\r'),(7,2,'保定市\r'),(8,2,'唐山市\r'),(9,2,'天津市\r'),(10,2,'定州市\r'),(11,2,'廊坊市\r'),(12,2,'张家口\r'),(13,2,'承德市\r'),(14,2,'沧州市\r'),(15,2,'泊头市\r'),(16,2,'涿州市\r'),(18,2,'石家庄　\r'),(19,2,'秦皇岛\r'),(20,2,'衡水市\r'),(21,2,'邢台市\r'),(22,2,'邯郸市\r'),(23,2,'黄骅市\r'),(36,3,'临汾市\r'),(37,3,'介休市\r'),(38,3,'吕梁市\r'),(39,3,'大同市\r'),(40,3,'太原市\r'),(41,3,'太谷县\r'),(42,3,'忻州市\r'),(43,3,'晋中市\r'),(44,3,'晋城市\r'),(45,3,'朔州市\r'),(46,3,'榆次市\r'),(47,3,'运城市\r'),(48,3,'长治市\r'),(49,3,'阳泉市\r'),(51,4,'乌兰察布市\r'),(52,4,'乌海市\r'),(53,4,'兴安盟\r'),(54,4,'内蒙古鄂尔多斯市\r'),(55,4,'包头市\r'),(56,4,'呼伦贝尔市\r'),(57,4,'呼和浩特市\r'),(58,4,'巴彦淖尔市\r'),(59,4,'赤峰市\r'),(60,4,'通辽市\r'),(61,4,'鄂尔多斯市\r'),(62,4,'锡林郭勒盟\r'),(63,4,'阿拉善盟\r'),(66,5,'丹东市\r'),(67,5,'大连市\r'),(68,5,'抚顺市\r'),(69,5,'朝阳市\r'),(70,5,'本溪市\r'),(71,5,'沈阳市\r'),(72,5,'盘锦市\r'),(73,5,'营口市\r'),(74,5,'葫芦岛市\r'),(75,5,'辽阳市\r'),(76,5,'铁岭市\r'),(77,5,'锦州市\r'),(78,5,'阜新市\r'),(79,5,'鞍山市\r'),(81,6,'吉林市\r'),(82,6,'四平市\r'),(83,6,'延边州\r'),(84,6,'松原市\r'),(85,6,'白城市\r'),(86,6,'白山市\r'),(87,6,'辽源市\r'),(88,6,'通化市\r'),(89,6,'长春市\r'),(96,7,'七台河市\r'),(97,7,'伊春市\r'),(98,7,'佳木斯市\r'),(99,7,'双鸭山市\r'),(100,7,'哈尔滨市\r'),(101,7,'大兴安岭地区\r'),(102,7,'大庆市\r'),(103,7,'牡丹江市\r'),(104,7,'绥化市\r'),(105,7,'鸡西市\r'),(106,7,'鹤岗市\r'),(107,7,'黑河市\r'),(108,7,'齐齐哈尔市\r'),(111,8,'南京市\r'),(112,8,'南通市\r'),(113,8,'宿迁市\r'),(114,8,'常州市\r'),(115,8,'徐州市\r'),(116,8,'扬州市\r'),(117,8,'无锡市\r'),(118,8,'昆山市\r'),(119,8,'泰州市\r'),(120,8,'淮安市\r'),(121,8,'盐城市\r'),(122,8,'苏州市\r'),(123,8,'连云港市\r'),(124,8,'镇江市\r'),(126,9,'丽水市\r'),(127,9,'台州市\r'),(128,9,'嘉兴市\r'),(129,9,'宁波市\r'),(130,9,'杭州市\r'),(131,9,'温州市\r'),(132,9,'湖州市\r'),(133,9,'绍兴市\r'),(134,9,'舟山市\r'),(135,9,'衢州市\r'),(136,9,'金华市\r'),(141,10,'亳州市\r'),(142,10,'六安市\r'),(143,10,'合肥市\r'),(144,10,'安庆市\r'),(145,10,'宣城市\r'),(146,10,'宿州市\r'),(147,10,'池州市\r'),(148,10,'淮北市\r'),(149,10,'淮南市\r'),(150,10,'滁州市\r'),(151,10,'芜湖市\r'),(152,10,'蚌埠市\r'),(153,10,'铜陵市\r'),(154,10,'阜阳市\r'),(155,10,'马鞍山市\r'),(156,10,'黄山市\r'),(172,11,'三明市\r'),(173,11,'南平市\r'),(174,11,'厦门市\r'),(175,11,'宁德市\r'),(176,11,'泉州市\r'),(177,11,'漳州市\r'),(178,11,'福州市\r'),(179,11,'莆田市\r'),(180,11,'龙岩市\r'),(187,12,'上饶市\r'),(188,12,'九江市\r'),(189,12,'南昌市\r'),(190,12,'吉安市\r'),(191,12,'宜春市\r'),(192,12,'抚州市\r'),(193,12,'新余市\r'),(194,12,'景德镇市\r'),(195,12,'萍乡市\r'),(196,12,'赣州市\r'),(197,12,'鹰潭市\r'),(202,13,'东营市\r'),(203,13,'临沂市\r'),(204,13,'威海市\r'),(205,13,'德州市\r'),(206,13,'日照市\r'),(207,13,'枣庄市\r'),(208,13,'泰安市\r'),(209,13,'济南市\r'),(210,13,'济宁市\r'),(211,13,'淄博市\r'),(212,13,'滨州市\r'),(213,13,'潍坊市\r'),(214,13,'烟台市\r'),(215,13,'聊城市\r'),(216,13,'莱芜市\r'),(217,13,'菏泽市\r'),(218,13,'青岛市\r'),(233,14,'三门峡市\r'),(234,14,'信阳市\r'),(235,14,'南阳市\r'),(236,14,'周口市\r'),(237,14,'商丘市\r'),(238,14,'安阳市\r'),(239,14,'平顶山市\r'),(240,14,'开封市\r'),(241,14,'新乡市\r'),(242,14,'洛阳市\r'),(243,14,'济源市\r'),(244,14,'漯河市\r'),(245,14,'濮阳市\r'),(246,14,'焦作市\r'),(247,14,'许昌市\r'),(248,14,'郑州市\r'),(249,14,'驻马店市\r'),(250,14,'鹤壁市\r'),(264,15,'仙桃市\r'),(265,15,'十堰市\r'),(266,15,'咸宁市\r'),(267,15,'天门市\r'),(268,15,'孝感市\r'),(269,15,'宜昌市\r'),(270,15,'恩施州\r'),(271,15,'武汉市\r'),(272,15,'潜江市\r'),(273,15,'荆州市\r'),(274,15,'襄阳市\r'),(275,15,'鄂州市\r'),(276,15,'随州市\r'),(277,15,'黄冈市\r'),(278,15,'黄石市\r'),(279,16,'娄底市\r'),(280,16,'岳阳市\r'),(281,16,'常德市\r'),(282,16,'张家界市\r'),(283,16,'怀化市\r'),(284,16,'株洲市\r'),(285,16,'永州市\r'),(286,16,'湘潭市\r'),(287,16,'湘西州\r'),(288,16,'益阳市\r'),(289,16,'衡阳市\r'),(290,16,'邵阳市\r'),(291,16,'郴州市\r'),(292,16,'长沙市\r'),(294,17,'东莞市\r'),(295,17,'中山市\r'),(296,17,'云浮市\r'),(297,17,'佛山市\r'),(298,17,'广州市\r'),(299,17,'惠州市\r'),(300,17,'揭阳市\r'),(301,17,'梅州市\r'),(302,17,'汕头市\r'),(303,17,'汕尾市\r'),(304,17,'江门市\r'),(305,17,'河源市\r'),(306,17,'深圳市\r'),(307,17,'清远市\r'),(308,17,'湛江市\r'),(309,17,'潮州市\r'),(310,17,'珠海市\r'),(311,17,'肇庆市\r'),(312,17,'茂名市\r'),(313,17,'阳江市\r'),(314,17,'韶关市\r'),(325,18,'北海市\r'),(326,18,'南宁市\r'),(327,18,'崇左市\r'),(328,18,'柳州市\r'),(329,18,'桂林市\r'),(330,18,'梧州市\r'),(331,18,'河池市\r'),(332,18,'玉林市\r'),(333,18,'百色市\r'),(334,18,'贺州市\r'),(335,18,'钦州市\r'),(340,19,'三亚市\r'),(341,19,'五指山市\r'),(342,19,'文昌市\r'),(343,19,'海口市\r'),(344,19,'琼海市\r'),(347,20,'乐山市\r'),(348,20,'内江市\r'),(349,20,'凉山州\r'),(350,20,'南充市\r'),(351,20,'宜宾市\r'),(352,20,'巴中市\r'),(353,20,'广元市\r'),(354,20,'广安市\r'),(355,20,'广汉市\r'),(356,20,'德阳市\r'),(357,20,'成都市\r'),(358,20,'攀枝花市\r'),(359,20,'泸州市\r'),(360,20,'甘孜州\r'),(361,20,'眉山市\r'),(362,20,'绵阳市\r'),(363,20,'自贡市\r'),(364,20,'资阳市\r'),(365,20,'达州市\r'),(366,20,'遂宁市\r'),(367,20,'阿坝州\r'),(368,20,'雅安市\r'),(378,21,'六盘水市\r'),(379,21,'安顺市\r'),(380,21,'毕节市\r'),(381,21,'贵阳市\r'),(382,21,'遵义市\r'),(383,21,'铜仁市\r'),(384,21,'黔东南州\r'),(385,21,'黔南州\r'),(386,21,'黔西南州\r'),(393,22,'临沧市\r'),(394,22,'丽江市\r'),(395,22,'保山市\r'),(396,22,'大理州\r'),(397,22,'大理市\r'),(398,22,'德宏州\r'),(399,22,'文山州\r'),(400,22,'昆明市\r'),(401,22,'昭通市\r'),(402,22,'普洱市\r'),(403,22,'曲靖市\r'),(404,22,'楚雄州\r'),(405,22,'玉溪市\r'),(406,22,'红河州\r'),(407,22,'西双版纳州\r'),(408,23,'拉萨市'),(409,24,'咸阳市\r'),(410,24,'商洛市\r'),(411,24,'安康市\r'),(412,24,'宝鸡市\r'),(413,24,'延安市\r'),(414,24,'榆林市\r'),(415,24,'汉中市\r'),(416,24,'渭南市\r'),(417,24,'西安市\r'),(418,24,'铜川市\r'),(424,25,'兰州市\r'),(425,25,'嘉峪关市\r'),(426,25,'天水市\r'),(427,25,'定西市\r'),(428,25,'平凉市\r'),(429,25,'庆阳市\r'),(430,25,'张掖市\r'),(431,25,'武威市\r'),(432,25,'甘南州\r'),(433,25,'白银市\r'),(434,25,'酒泉市\r'),(435,25,'金昌市\r'),(436,25,'陇南市\r'),(439,26,'吴忠市\r'),(440,26,'固原市\r'),(441,26,'石嘴山市\r'),(442,26,'银川市\r'),(446,27,'乌鲁木齐市\r'),(447,27,'伊犁州\r'),(448,27,'克和田地区\r'),(449,27,'克拉玛依市\r'),(450,27,'哈密市\r'),(451,27,'喀什地区\r'),(452,27,'巴音郭楞州\r'),(453,27,'昌吉州\r'),(454,27,'石河子市\r'),(455,27,'阿克苏地区\r'),(456,27,'阿拉尔市\r');

/*Table structure for table `college` */

DROP TABLE IF EXISTS `college`;

CREATE TABLE `college` (
  `id` int(11) NOT NULL AUTO_INCREMENT,
  `code` varchar(100) NOT NULL DEFAULT ' ',
  `name` varchar(100) DEFAULT NULL,
  `desc` varchar(1000) NOT NULL DEFAULT ' ',
  `provinceId` int(11) DEFAULT '0',
  PRIMARY KEY (`id`)
) ENGINE=InnoDB AUTO_INCREMENT=7 DEFAULT CHARSET=utf8;

/*Data for the table `college` */

insert  into `college`(`id`,`code`,`name`,`desc`,`provinceId`) values (1,'','成都大学成都学院','',0),(2,'','成都文理学院','',0),(3,'','四川西南航空专修学院','',0),(4,'','西南交通大学希望学院','',0),(5,'','四川天一学院','',0),(6,'','','',0);

/*Table structure for table `college_major` */

DROP TABLE IF EXISTS `college_major`;

CREATE TABLE `college_major` (
  `id` int(11) NOT NULL AUTO_INCREMENT,
  `college_id` int(11) DEFAULT NULL,
  `major_id` int(11) DEFAULT NULL,
  PRIMARY KEY (`id`),
  UNIQUE KEY `NewIndex1` (`college_id`,`major_id`)
) ENGINE=InnoDB AUTO_INCREMENT=206 DEFAULT CHARSET=utf8;

/*Data for the table `college_major` */

insert  into `college_major`(`id`,`college_id`,`major_id`) values (1,1,1),(2,1,2),(3,1,3),(4,1,4),(5,1,5),(6,1,6),(7,1,7),(8,1,8),(9,1,9),(10,1,10),(11,1,11),(12,1,12),(13,1,13),(14,1,14),(15,1,15),(16,1,16),(17,1,17),(18,1,18),(19,1,19),(20,1,20),(21,1,21),(22,1,22),(23,1,23),(24,1,24),(25,1,25),(26,1,26),(27,1,27),(28,1,28),(29,1,29),(30,1,30),(31,1,31),(32,1,32),(33,1,33),(34,1,34),(35,1,35),(36,1,36),(37,1,37),(38,1,38),(39,1,39),(40,1,40),(41,1,41),(42,1,42),(43,1,43),(44,1,44),(45,1,45),(46,1,46),(47,1,47),(48,1,48),(49,1,49),(50,1,50),(51,1,51),(52,1,52),(53,1,53),(54,1,54),(55,1,55),(56,1,56),(57,1,57),(58,1,58),(59,1,59),(60,1,60),(61,1,61),(62,1,62),(63,1,63),(64,1,64),(65,1,65),(66,1,66),(67,1,67),(68,1,68),(69,1,69),(70,1,70),(71,1,71),(72,1,72),(74,1,73),(75,1,74),(76,1,75),(77,1,76),(78,1,77),(79,1,78),(80,1,79),(81,1,80),(82,1,81),(83,1,82),(84,1,83),(85,1,84),(86,1,85),(87,1,86),(88,1,87),(134,2,20),(109,2,21),(111,2,24),(89,2,26),(99,2,27),(95,2,28),(90,2,32),(110,2,33),(114,2,36),(115,2,39),(103,2,40),(92,2,44),(94,2,45),(106,2,48),(117,2,50),(130,2,55),(122,2,56),(124,2,57),(125,2,59),(126,2,68),(127,2,73),(91,2,88),(93,2,89),(96,2,90),(97,2,91),(98,2,92),(100,2,93),(101,2,94),(102,2,95),(104,2,96),(105,2,97),(107,2,98),(108,2,99),(112,2,100),(113,2,101),(116,2,102),(118,2,103),(119,2,104),(120,2,105),(121,2,106),(123,2,107),(128,2,108),(129,2,109),(131,2,110),(132,2,111),(133,2,112),(135,2,113),(136,2,114),(137,2,115),(203,3,115),(201,3,145),(200,3,152),(202,3,153),(204,3,154),(205,3,155),(152,4,1),(153,4,5),(139,4,15),(141,4,16),(140,4,17),(156,4,21),(146,4,27),(145,4,29),(143,4,32),(155,4,44),(157,4,68),(148,4,94),(170,4,95),(138,4,110),(164,4,112),(142,4,116),(144,4,117),(147,4,118),(149,4,119),(150,4,120),(151,4,121),(154,4,122),(158,4,123),(159,4,124),(160,4,125),(161,4,126),(162,4,127),(163,4,128),(165,4,129),(166,4,130),(167,4,131),(168,4,132),(169,4,133),(171,4,134),(172,4,135),(175,5,17),(194,5,26),(174,5,29),(197,5,32),(187,5,36),(188,5,39),(184,5,45),(177,5,88),(173,5,95),(190,5,115),(176,5,124),(178,5,136),(179,5,137),(180,5,138),(181,5,139),(182,5,140),(183,5,141),(185,5,142),(186,5,143),(189,5,144),(191,5,145),(192,5,146),(193,5,147),(195,5,148),(196,5,149),(198,5,150),(199,5,151);

/*Table structure for table `company` */

DROP TABLE IF EXISTS `company`;

CREATE TABLE `company` (
  `id` int(11) NOT NULL AUTO_INCREMENT,
  `u_id` int(11) DEFAULT NULL COMMENT '用户ID',
  `name` varchar(50) DEFAULT NULL COMMENT '公司名',
  `industry` varchar(100) DEFAULT NULL COMMENT '行业',
  `phone` varchar(20) DEFAULT NULL COMMENT '联系方式',
  `nature` varchar(20) DEFAULT NULL COMMENT '公司性质',
  `scale` varchar(15) DEFAULT NULL COMMENT '规模',
  `address` varchar(100) DEFAULT NULL COMMENT '公司地址',
  `profile` varchar(5000) DEFAULT NULL COMMENT '公司简介',
  `logo` varchar(500) DEFAULT NULL COMMENT 'logo路径',
  `create_time` datetime DEFAULT NULL,
  `province` varchar(255) DEFAULT ' ',
  `city` varchar(255) DEFAULT ' ',
  `business_license` varchar(500) DEFAULT NULL COMMENT '营业执照',
  `company_url` varchar(200) DEFAULT NULL COMMENT '公司网址',
  `status` int(11) DEFAULT '0' COMMENT '公司审核状态, 0 等待审核, 1 审核通过, 2 审核未通过',
  PRIMARY KEY (`id`)
) ENGINE=InnoDB AUTO_INCREMENT=53 DEFAULT CHARSET=utf8;

/*Data for the table `company` */

insert  into `company`(`id`,`u_id`,`name`,`industry`,`phone`,`nature`,`scale`,`address`,`profile`,`logo`,`create_time`,`province`,`city`,`business_license`,`company_url`,`status`) values (1,NULL,'四川龙海佳诚商贸有限公司','信息传输、软件和信息技术服务业','85441418','有限责任公司','150-500人','成都市武侯区林荫街10号','我公司是IT产品销售、服务为主体的企业,现有员工人数140余人，位于武侯区林荫街10号；代理佳能、惠普、爱普生、中盈等品牌；是中央、省、市定点采购供应商。现因业务发展需要欢迎您的加入！','C5/8B/1448357400328.jpg','2015-12-21 16:34:55','四川省','成都市\r\n','C5/8B/1448357400328.jpg','www.baidu.com',1),(2,NULL,'成都三鼎家政服务有限公司 ','居民服务、修理和其他服务业','02885096100','有限责任公司','500-1000人','成都市武侯区武侯大道双楠段60号附28号','三鼎企业成立于1998年，注册资金五千万元，总部设在北京，同时在济南、西安、成都、武汉、天津、北京、上海、广州、深圳主要运营中心。本企业已通过ISO9001：2008质量管理体系认证。\r\n       三鼎企业是一家极富创新性的家政公司，专业从事家政服务及保洁用品制造，作为中国家政的领导企业，三鼎从事开发、制造并销售最可靠的、安全易用的技术产品及优质专业服务，使中国客户享受多彩生活。\r\n     ',NULL,'2015-12-21 17:23:38','四川省','成都市\r\n',NULL,NULL,0),(3,NULL,'成都欧艺花商贸有限公司','农、林、牧、渔业','18180475257','有限责任公司','少于50人','成都市锦江区成龙大道绕城高速路口成万路339号成都万福花卉市场','成都欧艺花商贸有限公司主营网络鲜花销售，婚庆会展业务，有线下实体花店，鲜花配送成都及全国各地。',NULL,'2015-12-21 17:39:46','四川省','成都市\r\n',NULL,NULL,0),(4,NULL,'成都美诺斯家具有限公司','制造业','18180475257','私营企业','50-150人','成都市高新区天府大道中段吉泰五路88号花样年.香年广场T3楼33-34层','请问',NULL,'2015-12-21 18:21:28','四川省','成都市\r\n',NULL,NULL,0),(5,NULL,'上海钱坤信息科技有限公司成都分公司','信息传输、软件和信息技术服务业','66504991','有限责任公司','500-1000人','成都市高新区天府大道中段吉泰五路88号花样年.香年广场T3楼33-34层','钱坤公司成立于1997年，目前在全国拥有三家分公司。成都公司目前在职员工400余人，办公区占地5000多平方米。公司系上交所和深交所授权证券交易数据提供商，致力于打造专业金融资讯终端软件，以建立符合大众化投资需求的金融资讯平台为己任，树立最具权威的中国金融资讯软件品牌，为推动我国金融资讯行业的发展做出贡献。公司现正与CCTV、成都电视台二套、四川电视台、厦门卫视等多家电视媒体合作黄金档产品同名财经节目《财急送》，颇受全国各地顾客青睐。\r\n      ',NULL,'2015-12-21 18:25:47','四川省','成都市\r\n',NULL,NULL,0),(6,NULL,'四川宏发电声有限公司','信息传输、软件和信息技术服务业','08387136686','有限责任公司','1000-5000人','四川省德阳市中江县工业集中区园区路169号','四川宏发电声有限公司是厦门宏发电声股份有限公司(宏发股份：600885.SH)的全资子公司，生产基地建设在中江经济开发区，占地113亩,现有在职员工2200余人，是国家高新技术企业、四川省级企业技术中心、影响德阳十大投资企业。厦门宏发电声股份有限公司是专业从事继电器研制、开发、生产与销售的高新技术企业。公司是世界第四大,中国第一大继电器研发和生产企业,已连续入选中国电子元器件百强企业。如今，四川宏发正朝着成为“世界上最大的通用继电器研发与制造工厂”而迈进。我们愿与您共同发展、携手迈向成功！欢迎您的加入！',NULL,'2015-12-21 18:47:31','四川省','德阳市\r\n',NULL,NULL,0),(7,NULL,'四川亨博门业有限公司','制造业','13608041968','有限责任公司','150-500人','成都市新都区龙桥镇场镇社区六组','   四川亨博门业有限公司成立于2005年,地处四川省成都市新都区龙桥镇，是一家集设计、开发、生产、销售为一体的现代型企业,专业生产中高档防盗门、防火门、钢质进户门等系列产品。现公司占地面积3万余平米。员工总人数达350人。现年生产能力达36万余万樘，是四川地区同行业中具有较大生产规模和生产能力的领先企业。\r\n   为满足市场需求公司于彭州市工业园正兴建现代化厂房，新厂占地10万余平米。建成后公司将成为西南地区名列前茅的大型门类生产、销售企业。为了公司更好更快的发展，我们竭诚邀请您的加入共同将亨博门业创造得更加辉煌。',NULL,'2015-12-21 22:10:51','四川省','成都市\r\n',NULL,NULL,0),(8,NULL,'成都森博精密机械有限公司','制造业','82688865','私营企业','少于50人','成都市温江区成都市温江区温泉大道三段浩旺工业园浩欣路10号','成都森博精密机械有限公司是一家专业从事机械产品、航空零件的制造加工型企业。',NULL,'2015-12-21 22:29:02','四川省','成都市\r\n',NULL,NULL,0),(9,NULL,'成都四博科技有限公司 ','制造业','13880968092','有限责任公司','少于50人','成都市温江区科林路西段618号华银工业港3区5号','成都四博科技有限公司成立于2005年，是一家集科、工、贸为一体的高科技企业。公司产品覆盖了高低压成套设备、工业自动控制、电力电子、节能改造、非标自动化设备制造等领域。\r\n    公司自成立以来，以“人诚品优，开拓无限”的企业理念，努力提高企业的管理水平，严格控制产品质量，精益求精，事事求证。在各界朋友的支持和帮助下，公司实力和规模日益壮大，经营范围由原来单一的工业自动化控制发展到高低压成套设备、电力电子和节能改造、非标设备制造等领域。本着“勇于创新，把握未来”的研发理念，不断开发和完善产品结构。公司技术力量雄厚，有完善的技术研发体系，拥有高素质、高水平的技术队伍以及先进的研发、生产、试验与检验设备。先后与国内多所重点院校和科研院所建立了广泛的业务联系和技术协作关系。我们始终坚持以“精诚合作，共铸辉煌”为企业宗旨，先后为全国各地用户提供了多套优质的电力电气控制成套设备、工业自动化控制成套装置及非标机电成套设备，产品得到了广大用户的高度认可与一致好评。\r\n    我们怀着永不满足的心情，不断审视自己走过的路，锐意进取，不断开拓。我们热切的期望与新、老客户合作，共创美好明天！',NULL,'2015-12-21 22:35:44','四川省','成都市\r\n',NULL,NULL,0),(10,NULL,'成都伊藤洋华堂有限公司','批发和零售业','87020737','私营企业','500-1000人','成都伊藤洋华堂各门店','成都伊藤洋华堂',NULL,'2015-12-22 11:21:14','四川省','成都市\r\n',NULL,NULL,0),(11,NULL,'成都奥利斯机电有限公司 ','制造业','87801388','有限责任公司','少于50人','成都市郫县现代工业港北区港通北四路861号','研发生产和销售/出口汽车配件尤其是汽车传感器、汽车电子系统',NULL,'2015-12-22 14:49:52','四川省','成都市\r\n',NULL,NULL,0),(12,NULL,'四川欧曼机械有限公司','制造业','84645636','有限责任公司','150-500人','邓女士','四川欧曼机械有限公司隶属四川欧曼集团。欧曼（集团）公司是及集石油抽油泵配件、石油抽油机整机制造和刃具、磨料磨具、硬质合金耐磨、耐蚀零件的压制烧结、精密加工于一体的多元化出口型企业。四川欧曼机械有限公司位于成都国家经济技术开发区，拥有现代化大型标准厂房3万平方米、一流的技术力量和十多年专业研发生产经验。\r\n\r\n公司前身成都市锦江工具实业有限公司，成立于1993年9月20日，其后又注册了成都市可转位刀具研究所、成都市金刚石砂轮厂、成都市耐磨零件制造厂，2000年7月24日，发展壮大后新成立四川康耐特工磨具制造有限公司，2006年8月23日，成立四川欧曼机械有限公司。2008年2月28日，成都锐力锋工具有限公司成立，至此，由欧曼、康耐特、锐力锋三个子公司组成的欧曼集团初具规模，数车、数铣、加工中心达50余台，产车、卧车、普铣、磨床、钻床、镗床等设备300余台，集团公司现有员工400余人。\r\n\r\n在技术方面，公司自主开发出整体硬质合金的金属硬密封高温球阀密封副和球面密封高温高压截止阀密封副，于2002年荣获国家实用新型专利证书，填补了国内空白，同时达到国际先进水平。利用此项技术生产的硬质合金阀球品质大大优于国内外同类型产品，已成为全球第一“球”，受到了美国、加拿大、俄罗斯石油机械制造商的青睐，美国威德福公司第一副总裁戴维说：只要是出产石油的地方就有欧曼的“阀球、阀座”。2010年又获得6项实用新型专利证书，目前正在申报国家高新技术企业。\r\n\r\n公司秉承以质量求生存、以信誉谋发展为宗旨，将“没有任何借口”、“细节决定成败”的理念贯穿经营管理全过程，确保产品质量稳步提高，并通过了IS09001:2008的质量体系认证及美国石油学会API质量体系认证，逐步形成产品标准化、规范化生产优势，深受用户好评。\r\n',NULL,'2015-12-22 15:02:42','四川省','成都市\r\n',NULL,NULL,0),(13,NULL,'成都小年科技有限公司','信息传输、软件和信息技术服务业','18030841097','有限责任公司','少于50人','成都高新区天府软件园E2-309','成都小年科技有限公司倾力开发的快速解决蓝领招聘的工作社交平台“蓝金领”移动端APP,作为蓝领一站式工作社交服务平台，从学校、企业和个人三个角度解决了蓝领从学校到企业的良性过度，通过平台提供的岗位优选、技术提升和社交圈层等功能实现蓝领价值的最大化，真正实现“蓝领专业，金领人才”。',NULL,'2015-12-22 15:15:23','四川省','成都市\r\n',NULL,NULL,0),(14,NULL,'成都蚂蚁物流有限公司','交通运输、仓库和邮政业','18628268958','股份合作制企业','500-1000人','成都科园南二路6号蚂蚁物流园','成都蚂蚁物流有限公司，总部设在成都市高新区创业路49号，物流基地位于成都市高新区科园南二路六号，占地130多亩。注册资金1000万元人民币，是四川省率先与国际接轨的专业物流供应链服务商。',NULL,'2015-12-22 21:12:20','四川省','成都市\r\n',NULL,NULL,0),(15,NULL,'上海千叶网络科技有限公司','信息传输、软件和信息技术服务业','13881815062','私营企业','50-150人','郫县周边学院','宅米，2014年12月成立，宅米是服务于校园的o2o生活平台。主推寝室便利店业务，选择地址后能够看到服务半径内的便利店。下完单后由店长立即送货上门。\r\n\r\n2015年9月，宅米共获得包括美团，贝塔斯曼亚洲投资基金，高榕投资，祥峰资本，分期乐在内的数轮融资。（B轮融资近3500万美元，美团领投。）',NULL,'2015-12-22 21:25:39','四川省','成都市\r\n',NULL,NULL,0),(16,NULL,'成都琢美义齿技术有限公司','制造业','66535054','私营企业','50-150人','双流县双华场人民法院旁','成都琢美义齿技术有限公司',NULL,'2015-12-23 10:38:09','四川省','成都市\r\n',NULL,NULL,0),(17,NULL,'四川美商帮电子商务有限公司','信息传输、软件和信息技术服务业','13678110021','私营企业','50-150人','温江光华大道三段1818号珠江克莱国际公寓一单元1305号','如果你胸怀大志希翼展翅飞翔\r\n如果你梦想成功渴望一展身手\r\n如果你热情真诚倾心朋友天下\r\n如果你激情创业富有坚韧精神\r\n如果你热爱互联网寻一个机会\r\n\r\n诚邀免费加入传说计划——\r\n我们不在乎学历，不在乎经验\r\n全国百余城市有志之士火热招募中\r\n\r\n我们将提供\r\n不仅仅只是一份工作\r\n时间自由、行动自由、思想自由的工作环境\r\n科学合理诱人的股权激励方案\r\n更让你有机会成为公司合伙人！\r\n\r\n传说计划由传说广告发起。传说广告是一个依托互联网大数据的新兴广告平台，由四川美商帮电子商务有限公司组建成立，旨在为广告主提供更加精准和直接的电子广告。传说广告平台在成立之初就获得天使轮投资，目前已启动A轮融资。短短几个月，已为上千个商家提供广告服务。\r\n美商帮是一家专注O2O的互联网平台，下瞎两大产品，包括美商帮在线礼品兑换平台和传说广告平台。美商帮总部位于成都，现有研发团队、运营团队、文案创意团队等共计100多人。\r\n\r\n加入传说，和传说一起改变世界，创造未来！\r\n',NULL,'2015-12-23 19:57:37','四川省','成都市\r\n',NULL,NULL,0),(18,NULL,'成都新际源钢汇贸易有限公司','批发和零售业','83656868','有限责任公司','少于50人','成都市金牛区成都市金牛区中力不锈钢城a栋1-3号','成都新际源钢汇贸易有限公司是一家专业从事不锈钢装饰管材及配件批发销售的贸易型企业。本公司成立于1998年，经过十多年的建设与发展，目前是国内三大知名不锈钢品牌四川地区唯一指定总代理，在成都各大不锈钢市场均设立销售部。更多公司信息请关注公司网站：www.xjygh.com',NULL,'2015-12-24 11:22:17','四川省','成都市\r\n',NULL,NULL,0),(19,NULL,'志邦厨柜成都分公司','批发和零售业','18384239596','有限责任公司','50-150人','少陵路康河郦景三期8栋801号','志邦橱柜是国内橱柜五强品牌之一，在成都高端建材市场均有旗舰店。现面向社会诚聘有志之士加入我们的团队。 ',NULL,'2015-12-24 12:33:18','四川省','成都市\r\n',NULL,NULL,0),(20,NULL,'中衡生物科技集团','科学研究和技术服务业','13880633219','私营企业','500-1000人','成都温江海峡科技园海科路西段101号','四川中衡美业企业管理有限公司是中衡生物科技集团于2014年规划立项运营的美容连锁加盟项目，涉足领域为我国近年来飞速发展与壮大的美容护肤化妆品专线市场。\r\n随着国家“十一五”、“十二五”规划对服务第三产业的扶持与引导，中国美容服务业在近五年来得到了飞速、蓬勃的发展与壮大，已然成为中国目前最热门行业之一。2010年，中国美容化妆品市场已达3350亿元，2013年行业产值更高达5000亿元，年均增速超过15%。美容产业继房产、汽车、电子通信、旅游之后成为中国第五大消费热点。美容化妆品行业遍地黄金，由此也引得大大小小美容公司、服务机构如雨后春笋般纷纷冒头，目前，中国美容化妆品机构已达400多万家，化妆品厂家已达4800多家，就业人口超过1600万人。由于行业门槛低、投资额小，绝大多数经营规模均较小、从业人员文化层次也偏低，致使市场专业化程度低，行业运行极为混乱。由于竞争日趋激烈，终端美容机构单纯靠技术、靠使用效果来吸引顾客，靠产品促销来维持业绩，靠开店老板打感情牌来留住顾客的作坊式经营手段已经越来越无法适应行业的发展。未来的美容服务机构将是以规规模化、专业化、品牌化来进行经营，以标准化、系统化、规范化的连锁经营来进行竞争。从政策层面看，国家“十二五”规划明确提前，要加大力度支持服务第三产业的发展，加强服务产业的规范与引导，帮助一批服务企业实现品牌化、产业化、规模化升级与转型，这给美容服务产业的转型发展带来了巨大的政策与市场机遇！',NULL,'2015-12-24 16:07:55','四川省','成都市\r\n',NULL,NULL,0),(22,NULL,'四川哦哦超市连锁管理有限公司','住宿和餐饮业','85127711','有限责任公司','150-500人','高新区创业路300号川喜集团大楼3楼','四川哦哦超市连锁管理有限公司（以下简称wowo便利），是一家上海和四川合作的企业，注册资金1800万元，于2005年10月在四川省成都市注册成立。\r\n成立伊始，公司秉承专业、专注、领先的理念，始终坚持“品质放心、服务到家、方便省时”的服务宗旨，以打造中国便利店第一品牌为目标。从上海引进高级职业经理人组成了专业的团队，采用来自台湾的专业便利店营运销售系统，搭建总部、配送、门店运行模块，以高标准、高起点、高速度在业界迅速崛起。\r\n2005年8月，wowo24小时便利店项目正式启动。wowo便利从2005年11月21日第一家样板店正式开业以来，在各级主管部门的重视和支持下，通过公司全体员工的共同拼搏，目前在成都市区已拥有近三百余家直营门店、中央厨房、现代化的物流中心；西南地区首家24小时售卖非处方药的连锁便利店。规范快捷的服务，亮丽整洁的店面，为夜晚亮化成都、提升城市品味、创建和谐成都起到了积极的促进作用。\r\n wowo便利创立至今，一直秉承“快捷、方便”的服务理念，以“更好、更多、更新鲜、更实惠、更多元化”的商品服务于大众。',NULL,'2015-12-26 12:30:50','--请选择省--','--请选择市--',NULL,NULL,0),(23,NULL,'嘉里大通物流','交通运输、仓库和邮政业','18780053379','私营企业','1000-5000人','双流公兴镇政府街36号','嘉里大通隶属于郭氏集团下的嘉里物流集团，是国内最早从事物流仓储、配送和国际货代的第三方物流公司。嘉里大通始建于1985年，其母公司嘉里物流联网总部设于香港，是亚太地区最具领导地位的第三方物流供应商之一。',NULL,'2015-12-28 12:12:57','四川省','成都市\r\n',NULL,NULL,0),(24,NULL,'四川恒创特种纤维有限公司','制造业','13551088664','联营企业','500-1000人','都江堰','四川恒创特种纤维有限公司是一家位于风景秀丽的历史名城四川省都江堰市的大型中外合资企业。公司拥有精良的设备和雄厚的技术力量，年生产各类包覆纱6000吨，是目前国内最大的包覆纱生产基地。',NULL,'2015-12-28 17:00:06','四川省','德阳市\r\n',NULL,NULL,0),(25,NULL,'国内十大知名地产公司','房地产业','18980902004','私营企业','500-1000人','成都青羊区小南街28号14楼1401','国内十大知名地产公司',NULL,'2015-12-29 09:22:13','四川省','成都市\r\n',NULL,NULL,0),(26,NULL,'四川环球银天下珠宝有限公司','批发和零售业','18608013500','私营企业','少于50人','成都高新区环球中心N2-4-1-1002','四川环球银天下珠宝有限公司，依托诺亚环球矿业为基础，致力予贵金属金融交易技术咨询，是一家为贵金属交易方提供交易策略报告的新锐机构，公司降落于成都金融中心天府新区内亚洲最大单体建筑环球中心，现主要提供现货白银、再生铜等贵金属投资、咨询、开户、交易及相关的资本运作等服务。\r\n公司文化：\r\n◆环球愿景：让环球投资成为全国知名的金融服务品牌；让环球人因自己的职业而自豪。\r\n◆环球使命：致力成为最受行业推崇的金融服务机构。\r\n◆环球宗旨：让每一位环球投资的客户都能感受到真诚；让每一位来环球投资的员工都能感受到温暖。\r\n公司理念：　\r\n  客户导向是公司价值观的核心理念，因为环球人笃信：客户是公司生存的基础，保障客户利益才有公司利益，有了员工利益才有公司利益和企业的发展。因此，公司始终秉承这种理念为客户提供专心、专注、专业的金融服务。\r\n发展目标：　　\r\n   展望未来，我们充满信心。中国白银投资市场已发生根本性转变，正面临历史性的发展机遇。面对新的形势，环球将继续坚持规范化、国际化发展战略，进一步加快公司做大做强、做大步伐，力争尽快使公司成为具有核心竞争力的、业务规模和综合实力达到国内大型金融企业标准。真诚与社会各界和广大客户长期合作，做最优秀的金融企业，为共同创造中国贵金属市场更加美好的明天而不懈努力！',NULL,'2015-12-29 09:34:35','四川省','成都市\r\n',NULL,NULL,0),(27,NULL,'成都威亿新贸易中心','批发和零售业','18208158718','私营企业','50-150人','成都金牛区抚琴西路','成都威亿新贸易中心',NULL,'2015-12-29 09:38:34','四川省','成都市\r\n',NULL,NULL,0),(28,NULL,'四川麦斯哲人力资源管理有限公司','信息传输、软件和信息技术服务业','13688441011','私营企业','50-150人','成都高新区孵化园B座5楼','四川麦斯哲人力资源管理有限公司是一家新型的综合性人力资源管理服务机构。总部位于天府新城核心地段成都高新孵化园。\r\n麦斯哲致力于以专业化的水准和良好的行业口碑向企业提供综合性人力资源服务：人力资源外包、猎头服务、劳务派遣、员工职业发展规划、人力资源管理咨询、绩效与薪酬设计、医院管理咨询、人事代理、职业技术鉴定等，我们为满足客户不断变化的需求提供定制服务。\r\n公司充分理解和发挥互联网的平台功能，建立良好的互联网交互体系，把人力资源管理融入到互联网，同时让互联网在人力资源管理中发挥作用，形成了“互联网+人力资源管理”的成熟体系。\r\n公司愿景：成为最具开创性的人力资源服务大师。\r\n公司使命：提供大师级的服务，培训大师级的团队。\r\n',NULL,'2015-12-29 16:48:25','四川省','成都市\r\n',NULL,NULL,0),(29,NULL,'成都三叶家具有限公司','制造业','15308066097','有限责任公司','500-1000人','繁川大道南段512号三叶家私','成都三叶家私创办于2000年，是集研发、设计、制造、销售为一体的大型集团公司；在全国有设有13个办事处， 600余家标准专卖店和家具生活体验馆；公司分别在成都武侯、成都新繁、重庆渝西、广东顺德建立了现代化的花园式厂房、占地面积1000余亩，拥有500多名专业员工 ',NULL,'2015-12-31 10:40:39','四川省','成都市\r\n',NULL,NULL,0),(31,NULL,'成都顶益食品有限公司','住宿和餐饮业','66041888','有限责任公司','150-500人','成都市青羊区成都市青羊区顺城大街252号顺吉大厦5楼B5','成都顶益食品有限公司系康师傅顶新国际集团旗下生产经营“康师傅”方便面的子公司之一，为股票(香港)上市公司，属台商独资企业。作为方便面第一大品牌企业，公司秉承“诚信、务实、创新”之理念，以“培育一流人才、创造一流产品、成就一流企业、回馈社会、永续经营”为经营使命，力争成为四川地区最大的综合食品生产销售基地。公司以人为本，注重员工成长与进步，其教育训练系统配置齐全，为员工提供各类专业培训，并选拔优秀人才赴集团总部及国外受训，不断提高员工自身素质，为各位员工提供广阔的发展空间。现诚邀有志之士加盟，共创“康师傅”之未来！ 欢迎浏览集团官方网站http://www.masterkong.com.cn/',NULL,'2015-12-31 11:13:23','四川省','成都市\r\n',NULL,NULL,0),(32,NULL,'成都嘉裕房地产发展有限公司 ','房地产业','69263774','股份有限公司','150-500人','成都市崇州市羊马镇（温江金马湖大桥崇州方向下桥300米左右）    ','成都嘉裕房地产发展有限公司成立于2008年9月，系广州嘉裕房地产集团的全资子公司。目前正斥资近20亿，邀请世界顶级的建筑、装饰、园林公司，在崇州市羊马镇打造成都市最大的湿地公园——羊马湿地公园，以及目前成都市最高档次的休闲度假酒店——嘉裕酒店。该项目占地约3000亩，建成之后将是羊马新城的标志性建筑，更是川西一张耀眼的城市名片。',NULL,'2015-12-31 11:34:03','四川省','成都市\r\n',NULL,NULL,0),(33,NULL,'四川省星石网络科技有限公司','信息传输、软件和信息技术服务业','13982288912','私营企业','50-150人','四川省成都市天府新区天府大道南段846号天府创新中心','星石网络科技成立于2015年5月，公司目前规模人数50人，星石网络科技，是一个充满朝气的公司，公司高层具有20年的市场运营经验，能够敏锐的把控市场走向。欢迎加入星石网络科技有限公司这个大家庭',NULL,'2016-01-04 09:50:51','四川省','成都市\r\n',NULL,NULL,1),(34,NULL,'易视腾科技有限公司','信息传输、软件和信息技术服务业','13264516996','私营企业','50-150人','四川省成都市成华区府青路2段25号协信中心','易视腾科技有限公司以创新的“云计算+智能终端”模式，结合自主研发的智能终端、多媒体网络、编解码、视频云计算系统等核心技术，向行业与互联网客户提供整合性的视频应用平台，服务智能电网、三网融合、视频通信等新兴产业；公司致力于成为全球领先的“云+端”视频应用平台服务商。',NULL,'2016-01-04 09:54:48','四川省','成都市\r\n',NULL,NULL,0),(35,NULL,'成都望天树文化传播有限公司','信息传输、软件和信息技术服务业','13408588750','私营企业','50-150人','四川省成都市滨江东路9号香格里拉中心办公楼18层','\r\n成都望天树文化传播有限公司，是一家充满朝气的新兴教育文化企业，致力于青少年综合素质教育与国际教育文化交流。\r\n望天树教育借鉴和引入国外童子军户外运动教育和户外营地教育的理念与体系，推出中国青少年”第三成长空间”工程计划，创办“中华少年彩虹远征军”。\r\n公司定位为高端素质教育服务领航者，优先面向教育程度高、经济收入高、社会地位高的知识精英阶层家庭。\r\n公司目前已在成都、昆明开展业务，并设有办公室。下一阶段将向重庆、深圳、上海、广州、北京等市场拓展。公司得到了成都军区国防动员委员会、四川和云南两地省委宣传部以及相关党政军机关的指导和支持，与国内外的国际教育机构建立了业务交流。公司正积极整合国内外教育与文化资源，创建中国“童子军”事业的百年基业。\r\n公司现阶段正与中信集团嘉丽泽旅游文化小镇、云南石林国家5A风景区等知名景区合作，设立户外大本营。并且，将在成都等地设立地区营地。未来2-3年，公司将在云南、四川等地建立拥有超过10个以上营地的户外教育网络平台，成为中国青少年户外教育的实力领导者。\r\n我们的征程是星辰大海！望天树教育诚邀拥有教育情怀和创业激情的才俊加盟，共同点亮中国教育的一片星空，实现人生的激情与梦想！',NULL,'2016-01-04 09:57:02','四川省','成都市\r\n',NULL,NULL,0),(36,NULL,'重庆恩利斯教育咨询有限公司','教育','15680059558','私营企业','500-1000人','四川省成都市温江区德全街（四川交通职业技术学院后门）','中国大学生自考服务网是重庆恩利斯教育旗下专门从事在校大学生自学考试网络学习的综合性网站，融合自考咨询、网络学习辅导、考务手续办理三大服务平台，为有意报名参加全国高等教育自学考试获取本科及本科第二学位的在校大学生提供全程服务。中国大学生自考服务网在北京、重庆、上海、成都、昆明、贵阳、长沙、武汉、南昌、合肥、西安、兰州均设有服务中心，现有注册在籍服务学员51200多名，全国咨询交流同学90万余名。　',NULL,'2016-01-04 10:00:17','四川省','成都市\r\n',NULL,NULL,0),(37,NULL,'伊利集团','农、林、牧、渔业','15828542420','私营企业','10000人以上','成都市各大卖场','内蒙古伊利集团',NULL,'2016-01-08 10:35:27','四川省','成都市\r\n',NULL,NULL,2),(38,NULL,'瑞思学科英语','教育','15928710169','私营企业','50-150人','成华区万科路9号凯德广场3楼','瑞沃迪国际教育科技发展有限公司，是市值120亿美金国际教育出版巨头--霍顿•米夫林哈考特（Houghton Miffilin Harcourt Group）在华的唯一股权合作公司，中国英语教育“学科英语”首创者。\r\n服务6—12岁孩子，旨在以HMHG集团DS系列多媒体互动学科教育软件为基础，提供标准化的“浸入式学科英语”教育和“未来领导力”培养体系，以“工作英语”为目标，构筑中国孩子的“英语第二母语工程”。',NULL,'2016-01-08 10:42:50','四川省','成都市\r\n',NULL,NULL,1),(39,NULL,'交通银行','金融业','15198170455','国有企业','10000人以上','青羊区小南街28号','中国交通银行始建于1908年，是中国最早四大银行之一，也是中国早期的发钞行之一。交通银行是是中国境内主要综合金融服务提供商之一，并正在成为一家以商业银行为主体，跨市场，国际化的大型银行集团，业务范围涵盖商业银行、投资银行、证券、信托、金融租赁、基金管理、保险、离岸金融服务等诸多领域。',NULL,'2016-01-08 10:57:29','四川省','成都市\r\n',NULL,NULL,1),(40,242,'交通银行','金融业','18380426135','国有企业','150-500人','青羊区小南街28号','中国交通银行始建于1908年，是中国最早四大银行之一，也是中国早期的发钞行之一。交通银行是是中国境内主要综合金融服务提供商之一，并正在成为一家以商业银行为主体，跨市场，国际化的大型银行集团，业务范围涵盖商业银行、投资银行、证券、信托、金融租赁、基金管理、保险、离岸金融服务等诸多领域。','s7\\SQ\\1459848050247.jpg','2016-02-29 18:06:37','四川省','成都市','5m\\JK\\1459848045242.jpg','www.baidu.com',1),(41,256,'啊啊啊啊啊啊啊啊啊啊啊啊啊啊啊啊啊啊',NULL,'',NULL,NULL,'的方式发送方艾丝凡艾丝凡艾丝凡',NULL,NULL,'2016-03-21 14:10:22','陕西省','西安',NULL,NULL,1),(42,257,'gggggggggggggggggggg',NULL,'',NULL,NULL,'gggggggggggggggggffffffff',NULL,NULL,'2016-03-21 15:30:58','重庆',NULL,NULL,NULL,1),(43,258,'fwqfq',NULL,'18380426135',NULL,NULL,'qwf',NULL,NULL,'2016-03-24 15:14:56','贵州省','都匀',NULL,NULL,1),(44,259,'天天天天他',NULL,'18380426135',NULL,NULL,'未未未而温柔我',NULL,NULL,'2016-03-25 16:31:42','四川省','成都',NULL,NULL,0),(45,260,'dqwdqw',NULL,'18380426135',NULL,NULL,'qwfqwf',NULL,NULL,'2016-03-25 17:17:16','陕西省','西安',NULL,NULL,0),(46,261,'qfwqwfqw',NULL,'18380426135',NULL,NULL,'fwqfqf',NULL,NULL,'2016-03-25 17:20:09','天津',NULL,NULL,NULL,0),(47,262,'wegew',NULL,'18380426135',NULL,NULL,'gewgw',NULL,NULL,'2016-03-25 17:25:27','重庆',NULL,NULL,NULL,0),(48,263,'few范围',NULL,'18380426135',NULL,NULL,'雾非雾范文芳w',NULL,NULL,'2016-03-25 17:31:38','湖北省','丹江口',NULL,NULL,0),(49,264,'ssgg',NULL,'18380426135',NULL,NULL,'grwe',NULL,NULL,'2016-03-25 17:42:49','重庆',NULL,NULL,NULL,0),(50,265,'sda',NULL,'18380426135',NULL,NULL,'adf',NULL,NULL,'2016-03-25 17:46:15','天津',NULL,NULL,NULL,0),(51,266,'egrwegw',NULL,'18380426135',NULL,NULL,'rerqgreq',NULL,NULL,'2016-03-25 18:06:48','浙江省','杭州',NULL,NULL,0),(52,267,'dv','','18380426135','','','sdv','rrrrrrrrrrrrr','yN\\gI\\1459131418702.jpg','2016-03-25 18:11:20','内蒙古','乌兰察布市','F5\\AX\\1459131418626.jpg','3333',0);

/*Table structure for table `company_label` */

DROP TABLE IF EXISTS `company_label`;

CREATE TABLE `company_label` (
  `id` int(11) NOT NULL AUTO_INCREMENT,
  `user_id` int(11) DEFAULT NULL,
  `label_id` int(11) DEFAULT NULL,
  PRIMARY KEY (`id`)
) ENGINE=InnoDB DEFAULT CHARSET=utf8;

/*Data for the table `company_label` */

/*Table structure for table `company_message` */

DROP TABLE IF EXISTS `company_message`;

CREATE TABLE `company_message` (
  `id` int(11) NOT NULL AUTO_INCREMENT COMMENT '主键',
  `company_id` int(11) DEFAULT NULL COMMENT '公司ID',
  `title` varchar(1000) DEFAULT NULL COMMENT '通知标题',
  `content` varchar(2000) DEFAULT NULL COMMENT '通知内容',
  `looked` int(11) DEFAULT '0' COMMENT '是否查看 0 未查看, 1 已查看',
  `create_time` datetime DEFAULT NULL COMMENT '创建时间',
  PRIMARY KEY (`id`)
) ENGINE=InnoDB AUTO_INCREMENT=67 DEFAULT CHARSET=utf8;

/*Data for the table `company_message` */

insert  into `company_message`(`id`,`company_id`,`title`,`content`,`looked`,`create_time`) values (46,39,'审核通知','您提交的审核信息已通过审核!',0,'2016-03-16 18:09:18'),(47,6,'置顶审核通知','您申请的职位[技术储备干部]置顶未通过审核!<br/>理由:置顶职位已满',0,'2016-03-17 13:49:47'),(48,13,'置顶审核通知','您申请的职位[校园兼职岗]置顶已通过审核!',0,'2016-03-17 13:51:12'),(55,17,'置顶审核通知','您申请的职位[兼职会员发展客服]置顶已通过审核!',0,'2016-03-17 14:10:43'),(56,15,'置顶审核通知','您申请的职位[校园代理]置顶已通过审核!',0,'2016-03-17 14:12:26'),(57,38,'审核通知','您提交的审核信息已通过审核!',0,'2016-03-17 14:45:41'),(58,37,'审核通知','您提交的审核信息未通过审核!<br/>理由: 啊啊啊啊啊啊啊啊啊啊',0,'2016-03-17 14:45:56'),(59,13,'取消职位置顶通知','您发布的职位[校园兼职岗]已被取消置顶服务',0,'2016-03-17 18:17:08'),(60,43,'公司信息审核通知','您提交的审核信息已通过审核!',0,'2016-03-24 17:52:15'),(61,42,'公司信息审核通知','您提交的审核信息已通过审核!',0,'2016-03-24 17:53:02'),(62,41,'公司信息审核通知','您提交的审核信息已通过审核!',0,'2016-03-24 17:53:07'),(63,33,'公司信息审核通知','您提交的审核信息已通过审核!',0,'2016-03-25 11:25:14'),(64,1,'公司信息审核通知','您提交的审核信息已通过审核!',0,'2016-03-25 11:32:07'),(65,40,'公司信息审核通知','您提交的审核信息已通过审核!',1,'2016-03-28 10:46:36'),(66,40,'公司信息审核通知','您提交的审核信息已通过审核!',1,'2016-04-05 17:33:52');

/*Table structure for table `delivery` */

DROP TABLE IF EXISTS `delivery`;

CREATE TABLE `delivery` (
  `id` int(11) NOT NULL AUTO_INCREMENT,
  `jobId` int(11) DEFAULT NULL COMMENT '职位ID',
  `userId` int(11) DEFAULT NULL COMMENT '用户ID',
  `delivery_time` datetime DEFAULT NULL COMMENT '投递时间',
  PRIMARY KEY (`id`)
) ENGINE=InnoDB DEFAULT CHARSET=utf8;

/*Data for the table `delivery` */

/*Table structure for table `delivery_reply` */

DROP TABLE IF EXISTS `delivery_reply`;

CREATE TABLE `delivery_reply` (
  `id` int(11) NOT NULL AUTO_INCREMENT,
  `jobId` int(11) DEFAULT NULL COMMENT '职位ID',
  `userId` int(11) DEFAULT NULL COMMENT '用户ID',
  `posterId` int(11) DEFAULT NULL COMMENT '发送信息用户ID',
  `content` varchar(255) DEFAULT NULL COMMENT '回复内容',
  `postDate` datetime DEFAULT NULL COMMENT '回复时间',
  PRIMARY KEY (`id`)
) ENGINE=InnoDB DEFAULT CHARSET=utf8;

/*Data for the table `delivery_reply` */

/*Table structure for table `education` */

DROP TABLE IF EXISTS `education`;

CREATE TABLE `education` (
  `id` int(11) NOT NULL AUTO_INCREMENT,
  `name` varchar(255) DEFAULT NULL,
  PRIMARY KEY (`id`)
) ENGINE=InnoDB AUTO_INCREMENT=6 DEFAULT CHARSET=utf8 CHECKSUM=1 DELAY_KEY_WRITE=1 ROW_FORMAT=DYNAMIC;

/*Data for the table `education` */

insert  into `education`(`id`,`name`) values (1,'中专/中学'),(2,'专科'),(3,'本科'),(4,'硕士及以上'),(5,'不限');

/*Table structure for table `experience` */

DROP TABLE IF EXISTS `experience`;

CREATE TABLE `experience` (
  `id` int(11) NOT NULL AUTO_INCREMENT,
  `name` varchar(255) DEFAULT NULL,
  PRIMARY KEY (`id`)
) ENGINE=InnoDB AUTO_INCREMENT=10 DEFAULT CHARSET=utf8;

/*Data for the table `experience` */

insert  into `experience`(`id`,`name`) values (1,'在读学生'),(2,'应届毕业生'),(3,'1年'),(4,'2年'),(5,'3~4年'),(6,'5~7年'),(7,'8~9年'),(8,'10年以上'),(9,'不限');

/*Table structure for table `industry` */

DROP TABLE IF EXISTS `industry`;

CREATE TABLE `industry` (
  `id` int(11) NOT NULL AUTO_INCREMENT,
  `name` varchar(20) DEFAULT NULL COMMENT '名称',
  PRIMARY KEY (`id`)
) ENGINE=InnoDB AUTO_INCREMENT=21 DEFAULT CHARSET=utf8;

/*Data for the table `industry` */

insert  into `industry`(`id`,`name`) values (1,'农、林、牧、渔业'),(2,'采矿业'),(3,'制造业'),(4,'电力、热力、燃气及水生产和供应业'),(5,'建筑业'),(6,'批发和零售业'),(7,'交通运输、仓库和邮政业'),(8,'住宿和餐饮业'),(9,'信息传输、软件和信息技术服务业'),(10,'金融业'),(11,'房地产业'),(12,'租凭和商务服务业'),(13,'科学研究和技术服务业'),(14,'水利、环境和公共设施管理业'),(15,'居民服务、修理和其他服务业'),(16,'教育'),(17,'卫生和社会工作'),(18,'文化、体育和娱乐业'),(19,'公共管理、社会保障和社会组织'),(20,'国际组织');

/*Table structure for table `industry_position` */

DROP TABLE IF EXISTS `industry_position`;

CREATE TABLE `industry_position` (
  `id` int(11) NOT NULL AUTO_INCREMENT,
  `industryId` int(11) DEFAULT NULL COMMENT '行业ID',
  `positionId` int(11) DEFAULT NULL COMMENT '职位ID',
  PRIMARY KEY (`id`),
  UNIQUE KEY `onlyK1` (`industryId`,`positionId`)
) ENGINE=InnoDB DEFAULT CHARSET=utf8;

/*Data for the table `industry_position` */

/*Table structure for table `job` */

DROP TABLE IF EXISTS `job`;

CREATE TABLE `job` (
  `id` int(11) NOT NULL AUTO_INCREMENT,
  `company_id` int(11) DEFAULT NULL COMMENT '公司Id',
  `person` varchar(20) DEFAULT NULL COMMENT '负责人',
  `jobName` varchar(30) DEFAULT NULL COMMENT '职位名称',
  `phone` varchar(20) DEFAULT NULL COMMENT '联系电话',
  `experience` varchar(10) DEFAULT NULL COMMENT '工作经验',
  `education` varchar(10) DEFAULT NULL COMMENT '学历',
  `province` int(11) DEFAULT NULL COMMENT '省',
  `city` int(11) DEFAULT NULL COMMENT '市',
  `age` varchar(10) DEFAULT NULL COMMENT '年龄',
  `address` varchar(500) DEFAULT NULL COMMENT '具体地址',
  `language` varchar(15) DEFAULT NULL COMMENT '语言',
  `salary` varchar(50) DEFAULT NULL COMMENT '薪资',
  `description` varchar(1000) DEFAULT NULL COMMENT '福利',
  `number` int(11) DEFAULT '0' COMMENT '招聘人数',
  `duty` varchar(500) DEFAULT NULL COMMENT '岗位职责',
  `create_time` datetime DEFAULT NULL COMMENT '创建时间',
  `require` varchar(1000) DEFAULT NULL COMMENT '任职要求',
  `delete` int(1) DEFAULT '0' COMMENT '是否删除',
  `work_type` varchar(10) DEFAULT NULL COMMENT '工种',
  `istop` tinyint(1) DEFAULT '0' COMMENT '是否置顶',
  `top_status` int(1) DEFAULT '0' COMMENT '是否置顶的状态: 0 没有申请置顶, 1 申请置顶, 2 申请通过, 3申请失败',
  `top_time` datetime DEFAULT NULL COMMENT '置顶时间',
  `logo` varchar(100) DEFAULT 'web/images/goodluck/logo.png' COMMENT 'logo',
  `isComm` tinyint(1) DEFAULT NULL COMMENT '是否佣金 0:否, 1:是',
  `commission` varchar(50) DEFAULT NULL COMMENT '佣金',
  `jobType` int(11) DEFAULT '1' COMMENT '1 全职 2 兼职',
  `status` int(1) DEFAULT '2' COMMENT '职位状态: 0 招聘中, 1 招聘结束, 2 未发布',
  `refresh_time` datetime DEFAULT NULL COMMENT '刷新时间',
  PRIMARY KEY (`id`)
) ENGINE=InnoDB AUTO_INCREMENT=82 DEFAULT CHARSET=utf8;

/*Data for the table `job` */

insert  into `job`(`id`,`company_id`,`person`,`jobName`,`phone`,`experience`,`education`,`province`,`city`,`age`,`address`,`language`,`salary`,`description`,`number`,`duty`,`create_time`,`require`,`delete`,`work_type`,`istop`,`top_status`,`top_time`,`logo`,`isComm`,`commission`,`jobType`,`status`,`refresh_time`) values (1,1,'游先生','技术员','85441418','毕业生','不限',20,357,'20~30',NULL,'中文','2000以下','',2,'','2015-12-21 16:44:36','',1,'普工/技工',0,1,NULL,'AT/p8/1450769496910.jpg',0,NULL,1,0,'2016-03-18 19:23:20'),(2,1,'游先生','技术员','85441418','毕业生','中专/中学',20,357,'20~35',NULL,'中文','3001-5000','社保、绩效奖励、年终奖励，节假日福利',2,'1、技术员专业维修打印机、复印机、传真机等产品\r\n2、客户的技术支持，紧急情况时采取应对措施，故障诊断、分析、解决；\r\n3、独立进行现场的维修、指导用户操作，并登记相关记录文件。','2015-12-21 17:13:42','1、学习能力强，吃苦耐劳；\r\n2、工作踏实认真，有较强的动手能力；\r\n3、新入职技术员有经验丰富的工程师培训和现场指导学习。\r\n\r\n',0,'普工/技工',0,1,NULL,'',0,NULL,1,0,'2016-03-18 09:23:20'),(3,2,'刘主任','寒假兼职','02885096193','实习生','中专/中学',20,357,'18~25',NULL,'中文','2001-3000','1、免费提供住宿、工装、工具\r\n2、工资待遇：90-120/天（工时工资+奖金+提成+住宿）\r\n3、要求会骑自行车或者电动车即可\r\n\r\n',6,'1、工作内容：为中高档客户提供室内卫生、物品清洁及整理服务\r\n2、工作时间：每天6-8小时(放假开始做到2月5号)','2015-12-21 17:29:03','因公司业务发展需要，特向各类院校招收寒假兼职学生工数名\r\n1、兼职/代理皆可，公司直招，不收取任何费用\r\n2、工作地点：市区内六家分公司就近分配\r\n3、面试时间：上午10:00 下午2:30（周一到周日）\r\n4、面试地址：武侯大道双楠那段60号附28号\r\n5、联系电话：85096100   85096193\r\n',1,'兼职/实习',1,2,NULL,'',0,NULL,2,0,'2016-03-18 09:23:20'),(4,2,'刘主任','行政助理','02885096100','毕业生','专科',20,357,'21~30',NULL,'中文','2001-3000','',5,'','2015-12-21 17:35:40','1、五官端正\r\n2、大专以上学历（含大专）\r\n3、普通话标准、沟通能力强\r\n4、工商管理类专业优先。\r\n5、工作地址：市内六家公司就近分配。',0,'人事/行政',0,1,NULL,'',0,NULL,1,0,'2016-03-18 09:23:20'),(5,3,'杨老师','寒假兼职实习生 ','18180475257','实习生','中专/中学',20,357,'18~25',NULL,'中文','2000以下','',2,'','2015-12-21 18:10:58','要求，成都本地学生，假期兼职，工作时间20天，工资1000元，主要工作接订单，业务支持工作。有意请先电话18180475257或QQ:8842128联系，后到公司面试。',0,'普工/技工',0,1,NULL,'',0,NULL,1,0,'2016-03-18 09:23:20'),(6,5,'吴东琼','储备干部','66504988','毕业生','中专/中学',20,357,'20~30',NULL,'中文','2000以下','1、薪资结构：无责任基本工资（2300-3000元/月）+餐补+交通补贴+奖金+高额提成，正式员工平均年收入10万以上。\r\n2、福利待遇：社保+住房公积金+带薪培训+带薪拓展训练+公费国内外旅游+带薪年假+节假日全休+节假日福利礼包（过节费）+生日礼物。\r\n3、公司为所有岗位员工提供专业、系统的培训及一系列提升机会，鼓励员工往公司专业性、管理型岗位发展。 \r\n4、公司为所有员工提供公寓式员工宿舍，环境好，小区配备有图书馆、健身房、舞蹈练习房、上网区、乒乓、象棋等娱乐设施。房间配有：洗衣机、净水器、热水器、电脑桌、储物柜、淋浴、携带个人床上用品即可安心入住。\r\n',6,'1、初期主要是从事市场的开发与推广，熟悉公司业务流程。\r\n2、根据市场制定相应的推广计划，满足顾客需求，为客户提供优质到位的服务。\r\n','2015-12-21 18:33:15','1、有责任心，愿意承担责任，并愿意付出努力使自己有能力承担责任 \r\n2、愿意和公司共进退，有较强的抗挫能力\r\n3、学习能力强，能够在工作中不断充实自己，提高自身能力 \r\n4、可培养成为中层管理\r\n5、欢迎广大喜欢挑战的应届实习生或往届毕业生加盟本公司\r\n',1,'销售',1,2,NULL,'',0,NULL,1,0,'2016-03-18 09:23:20'),(7,5,'吴东琼','应届实习岗','66504988','实习生','中专/中学',20,357,'18~25',NULL,'中文','2001-3000','为2016届优秀毕业生提供实习就业机会，实习期实习补贴2100元/月起。公司为所有员工提供公寓式员工宿舍，环境好，小区配备有图书馆、健身房、舞蹈练习房、上网区、乒乓、象棋等娱乐设施。房间配有：洗衣机、净水器、热水器、电脑桌、储物柜、淋浴、携带个人床上用品即可安心入住。\r\n\r\n',6,'主要实习岗位方向：销售类岗位、客服类岗位、人资行政岗位、热线咨询岗位、程序开发岗位、市场推广岗位\r\n\r\n','2015-12-21 18:36:58','\r\n1、实习岗位仅接受2016届优秀应届毕业生、非应届生请勿投递\r\n2、大专以上学历，可提供学校学历证明、就业推荐表、学生证等有效学历证明\r\n3、普通话标准流利、吃苦耐劳、学习能力强、踏实肯干、愿意从基础岗位开始学习\r\n4、实习期不得无故缺勤、请假\r\n5、如期取得毕业证书后，公司将择优正式录用，签订正规劳动合同，购买六险一金，享受公司正式员工福利。\r\n',0,'兼职/实习',0,3,NULL,'',0,NULL,1,0,'2016-03-18 09:23:20'),(8,6,'吴先生','技术储备干部','0838-7136686-834','毕业生','专科',20,356,'20~30',NULL,'中文','3001-5000','包食宿，五险一金，年终双薪、公司经营奖。',6,'进公司后需先在生产一线锻炼6个月左右，根据公司人才需要及个人工作表现，逐步提拔到：产品设计师、机械设计师、电气工程师、机电维修工程师、工艺工程师、生产管理、质量管理等岗位。迎应往届（2014届、2015届、2016届）毕业生均可应聘。\r\n\r\n','2015-12-21 18:52:57','1、电子信息工程、机械、模具、自动化、工业工程、管理类专业大专、本科毕业，性别不限；\r\n2、必须要有从基层干起的心理准备；\r\n3、有特长及担任学生干部的优先考虑，有在中江长期稳定工作的准备；\r\n\r\n',0,'普工/技工',0,3,NULL,'',0,NULL,1,0,'2016-03-18 09:23:20'),(9,2,'刘主任','寒假兼职','02885096100','实习生','中专/中学',20,357,'18~30',NULL,'中文','2001-3000','1、免费提供住宿、工装、工具\r\n2、工资待遇：90-120/天（工时工资+奖金+提成+住宿）',6,'\r\n1、工作内容：为中高档客户提供室内卫生、物品清洁及整理服务\r\n2、工作时间：每天6-8小时(放假开始做到2月5号)\r\n5、工作地点：市区内六家分公司就近分配\r\n','2015-12-21 21:46:57','1、因公司业务发展需要，特向各类院校招收寒假兼职学生工数名\r\n2、兼职/代理皆可，公司直招，不收取任何费用\r\n3、要求会骑自行车或者电动车即可\r\n4、面试时间：上午10:00 下午2:30（周一到周日）\r\n5、面试地址：武侯大道双楠那段60号附28号\r\n\r\n',1,'普工/技工',1,2,NULL,'cb/xU/1450705617909.png',0,NULL,1,0,'2016-03-18 09:23:20'),(10,5,'吴东琼','储备干部','66504988','毕业生','中专/中学',20,357,'18~25',NULL,'中文','2001-3000','1、薪资结构：无责任基本工资（2300-3000元/月）+餐补+交通补贴+奖金+高额提成，正式员工平均年收入10万以上。\r\n2、福利待遇：社保+住房公积金+带薪培训+带薪拓展训练+公费国内外旅游+带薪年假+节假日全休+节假日福利礼包（过节费）+生日礼物。\r\n3、公司为所有岗位员工提供专业、系统的培训及一系列提升机会，鼓励员工往公司专业性、管理型岗位发展。 \r\n4、公司为所有员工提供公寓式员工宿舍，环境好，小区配备有图书馆、健身房、舞蹈练习房、上网区、乒乓、象棋等娱乐设施。房间配有：洗衣机、净水器、热水器、电脑桌、储物柜、淋浴、携带个人床上用品即可安心入住。\r\n',6,'1、初期主要是从事市场的开发与推广，熟悉公司业务流程。\r\n2、根据市场制定相应的推广计划，满足顾客需求，为客户提供优质到位的服务。\r\n','2015-12-21 21:53:27','1、有责任心，愿意承担责任，并愿意付出努力使自己有能力承担责任 \r\n2、愿意和公司共进退，有较强的抗压能力\r\n3、学习能力强，能够在工作中不断充实自己，提高自身能力 \r\n4、可培养成为中层管理\r\n5、欢迎广大喜欢挑战的应届实习生或往届毕业生加盟本公司\r\n',0,'销售',0,0,NULL,'',0,NULL,1,0,'2016-03-18 09:23:20'),(11,2,'刘主任','寒假兼职','02885096100','实习生','中专/中学',20,357,'18~25',NULL,'中文','2001-3000','1、免费提供住宿、工装、工具\r\n2、工资待遇：90-120/天（工时工资+奖金+提成+住宿）\r\n',6,'1、工作内容：为中高档客户提供室内卫生、物品清洁及整理服务\r\n2、工作时间：每天6-8小时(放假开始做到2月5号)\r\n3、工作地点：市区内六家分公司就近分配\r\n','2015-12-21 21:59:30','1、因公司业务发展需要，特向各类院校招收寒假兼职学生工数名\r\n2、兼职/代理皆可，公司直招，不收取任何费用\r\n3、要求会骑自行车或者电动车即可\r\n\r\n',0,'兼职/实习',1,2,NULL,'01/xf/1450706370940.png',0,NULL,2,0,'2016-03-18 09:23:20'),(12,7,'严先生','技工','13608041968','在读学生','中专/中学',20,357,'18~35',NULL,'中文','3001-5000','有同行业相关工作经营者，可直接与公司联系，待遇面谈。',6,' 钣金、油漆、二保焊工、普工等工种','2015-12-21 22:21:05','  因公司二期正式投产，需大量招聘以下员工：\r\n1、初中及以上文化程度，能吃苦耐劳，男女不限；\r\n2、服从公司领导安排，有较强的团队协作精神；\r\n3、头脑灵活，有较强的学习能力；\r\n4、机械专业或模具设计与制造专业应届毕业生亦可；\r\n5、有相关工作经验者优先。\r\n',0,'普工/技工',0,0,NULL,'',0,NULL,1,0,'2016-03-18 09:23:20'),(13,7,'严先生','模具工 ','13608041968','1~2年','中专/中学',20,357,'28~45',NULL,'中文','3001-5000','有同岗位实际工作经验者，可直接联系，薪资面议。',2,'','2015-12-21 22:25:55','1.机械类或模具设计与制造类专业。\r\n\r\n2.具有较强的学习与适应能力。\r\n\r\n3.有一年及以上钳工工作经验，熟悉车床、钻床、磨床、铣床的操作。\r\n\r\n4.能吃苦耐劳、服从部门领导安排，具有较强的团队协作能力。\r\n\r\n',0,'普工/技工',0,0,NULL,'',0,NULL,1,0,'2016-03-18 09:23:20'),(14,8,'余兰英','加工操作人员','82688865','毕业生','中专/中学',20,357,'20~40',NULL,'中文','3001-5000','基本工资+计时工资（平均4500元~5500元），购买社保，公司提供食宿，过节福利+年终奖',2,'','2015-12-21 22:32:12','要求：工作态度端正，能吃苦耐劳，服从生产安排，遵守厂规厂纪，熟悉数控铣床的操作规程，了解FANUC和三菱操作系统，熟练操作数控铣床。上班时间3班2倒，上4休2，每天12小时，包吃住。\r\n',0,'普工/技工',0,0,NULL,'',0,NULL,1,0,'2016-03-18 09:23:20'),(15,9,'李女士','数控冲床操作工','13880968092','毕业生','中专/中学',20,357,'20~40',NULL,'中文','3001-5000','公司提供食宿',2,'','2015-12-21 22:38:27','1、工作细心负责，服从管理；\r\n2、会看图纸，有数控冲床操作经验1年以上；应届毕业生，数控、机械、机电等相关专业中专以上学历，愿意学习者也可；                  \r\n',0,'普工/技工',1,2,NULL,'fr/Kc/1450708707871.png',0,NULL,1,0,'2016-03-18 09:23:20'),(16,11,'王老师','品质管理员','87801388','毕业生','中专/中学',20,357,'20~40',NULL,'中文','2001-3000','国家标准加带薪年假等',3,'','2015-12-22 14:53:43','1. 通信、计算机、电子工程等专业，中专及以上学历；\r\n2. 能够熟练使用示波器、高斯计、电桥等测试仪器，有较强的动手能力；\r\n3. 具有一定电信号相关知识，或有相关电子类产品检验经验者优先；\r\n4. 服从安排，较强责任心、团队协作精神；\r\n5. 熟悉windows操作系统，熟练使用office系列办公软件。\r\n\r\n\r\n\r\n',0,'普工/技工',0,0,NULL,'',0,NULL,1,0,'2016-03-18 09:23:20'),(17,11,'王先生','国际贸易业务员','87801388','在读学生','中专/中学',20,357,'22 ~35',NULL,'中文','3001-5000','五险一金、餐补、双休、带薪年假',1,'','2015-12-22 14:58:47','1、国际贸易，市场营销，商务英语或相关专业大专以上学历\r\n2、熟悉市场营销管理知识，通晓品牌管理、公共关系、法律等知识，了解相关公司产品的专业知识、技能技巧；具备熟练的英语应用能力\r\n3、坦诚自信，乐观进取，高度的工作热情；有良好的团队合作精神，有敬业精神；具有独立分析和解决问题的能力；良好的沟通技巧和说服能力。\r\n4、工作经验不限\r\n',0,'贸易/物流',0,0,NULL,'',0,NULL,1,0,'2016-03-18 09:23:20'),(18,12,'邓女士','加工中心操作人员','84645636','毕业生','中专/中学',20,357,'20~35',NULL,'中文','3001-5000','',3,'职责：1、按质按量按时完成各类产品的铣削作业\r\n      2、正确选用刀具，严格执行工艺规程、安全操作规程\r\n      3、做好设备维护保养工作\r\n','2015-12-22 15:06:26','\r\n要求：1、男性，38岁以下，中技及以上学历，机械加工专业，身体健康\r\n      2、熟练使用量具，知晓机械加工的刀具常识',0,'普工/技工',0,0,NULL,'',0,NULL,1,0,'2016-03-18 09:23:20'),(19,13,'谢先生','校园兼职岗','18608013500','实习生','中专/中学',20,357,'18~25',NULL,'中文','2001-3000','兼职期间，按100元/天的补贴标准进行结算；兼职期满，除日常补贴外，可获得一次性项目奖金；并根据本人的就业期望，推荐适合的工作岗位。\r\n兼职补贴+项目奖金',5,'1、协助公司策划组织校园推广活动的准备工作；\r\n2、配合参与公司市场部人员的推广工作。\r\n\r\n\r\n','2015-12-22 15:31:36','1、做事踏实认真，性格开朗，较强的沟通协调能力；\r\n2、逻辑性强，执行力强，工作细致认真；\r\n3、有主持、社团工作经验者优先。\r\n',0,'兼职/实习',0,0,'2016-03-17 13:51:12','AT/p8/1450769496910.jpg',1,'100',2,0,'2016-04-05 14:39:19'),(20,10,'人力资源部','销售/管理储备人才','87020737','毕业生','专科',20,357,'18~30',NULL,'中文','2001-3000','',6,'销售/管理储备人才','2015-12-22 21:00:40','大专及以上学历，30岁以下，专业不限',0,'零售/百货',0,0,NULL,'',0,NULL,1,0,'2016-03-18 09:23:20'),(21,14,'谢老师','管培生','18628268958','毕业生','专科',20,357,'18~25',NULL,'中文','3001-5000','',6,'储备干部','2015-12-22 21:16:19','1、2016级应聘毕业生；\r\n2、具备良好的组织、协调、沟通能力；\r\n3、形象气质佳；\r\n4、有学生干部工作经历者优先；\r\n5、具备一定的分析问题，解决问题能力；\r\n6、能熟练运用office等基本办公软件。',0,'贸易/物流',0,0,NULL,'',0,NULL,1,0,'2016-03-18 09:23:20'),(22,15,'','校园代理','13881815062','不限','专科',20,357,'18~22',NULL,'中文','2000以下','',6,'寝室便利店，通过本公司的APP做本栋楼线上线下的零食饮料交易，只需要专属对本栋楼进行宣传，即可获得高回报的兼职工资。','2015-12-22 21:29:26','在校学生，乐观积极向上，愿意挑战自己！',0,'兼职/实习',1,2,'2016-03-17 14:12:26','tF/WD/1450790966293.jpg',0,NULL,2,0,'2016-03-18 09:23:20'),(23,16,'肖女士','录单员','18262832220','毕业生','中专/中学',20,357,'18~30',NULL,'中文','2001-3000','',3,'j','2015-12-23 10:47:54','会基本的电脑操作，中专以上学历，能力突出者可适当放宽学历。\r\n良好的沟通能力及高度责任感。\r\n具有良好的吃苦耐劳精神，热爱办公室工作。',0,'人事/行政',0,0,NULL,'',0,NULL,1,0,'2016-03-18 09:23:20'),(24,16,'肖女士','包装人员','18202832220','毕业生','中专/中学',20,357,'18~40',NULL,'中文','3001-5000','',3,'','2015-12-23 10:49:59','具有良好的协调能力，动手能力强，工作踏实认真。',0,'普工/技工',0,0,NULL,'',0,NULL,1,0,'2016-03-18 09:23:20'),(25,16,'肖女士','普工','18202832220','毕业生','中专/中学',20,357,'18~30',NULL,'中文','2001-3000','提供食宿',3,'','2015-12-23 10:51:53','吃苦耐劳，工作认真负责，有责任心。',0,'普工/技工',0,0,NULL,'',0,NULL,1,0,'2016-03-18 09:23:20'),(26,16,'肖女士','工序技师','18202832220','毕业生','中专/中学',20,357,'18~45',NULL,'中文','3001-5000','',6,'','2015-12-23 10:55:08','固定车金，蜡型，上瓷，钢托打磨，排牙等工序技师。\r\n有一定的行业从业经验，工作踏实认真，责任心强。',0,'普工/技工',0,0,NULL,'',0,NULL,1,0,'2016-03-18 09:23:20'),(27,17,'刘建','会员部经理','13678110021','实习生','中专/中学',20,357,'22~35',NULL,'中文','3001-5000','薪资构成：底薪+会员发展奖金+传说收益',1,'1、通过各种渠道（网络、高校、商圈）积极招募会员部兼职客服人员；\r\n2、根据公司提供的资料及方法对兼职人员进行长期培训；\r\n3、做好会员部兼职人员的管理工作；\r\n4、保质保量完成每月区域会员发展目标；\r\n5、做好区域会员管理工作；','2015-12-23 20:01:50','\r\n',0,'销售',0,0,NULL,'',0,NULL,1,0,'2016-03-18 09:23:20'),(28,17,'刘建','市场部经理','13678110021','5年以上','专科',20,357,'22~35',NULL,'中文','5001-8000','薪资构成：底薪+高额广告业务提成+传说收益',1,'1、完成每月传说广告及美商券销售任务；\r\n2、做好本区域人人代理的招募；\r\n3、根据公司提供的相关资料积极做好人人代理的业务知识及技能培训工作；\r\n4、做好人人代理的管理及督导工作；\r\n5、做好当地广告商家的服务工作。','2015-12-23 20:03:41','',0,'销售',0,0,NULL,'',0,NULL,1,0,'2016-03-18 09:23:20'),(29,17,'刘建','兼职会员发展客服','13678110021','毕业生','专科',20,357,'20~35',NULL,'中文','2001-3000','传说收益+兼职奖金，合计2000元以上',6,'你做什么：\r\n1、在所负责区域/高校，做好传说海报张贴工作；\r\n2、按质按量发展责任区域/高校的传说会员；\r\n3、辅导前排会员尽快升级；\r\n4、做好责任区域/高校会员地推工作；\r\n5、积极参与公司业务知识培训。','2015-12-23 20:06:05','你的付出：每天坚持合计一小时\r\n\r\n',0,'销售',1,2,'2016-03-17 14:10:43','b0/2I/1450872365016.jpg',0,NULL,1,0,'2016-03-18 09:23:20'),(30,17,'刘建','兼职人人代理','13678110021','毕业生','专科',20,357,'20~35',NULL,'中文','2001-3000','传说收益+传说广告提成+兼职奖金，合计3000元以上',6,'1、做好自身会员发展工作；\r\n2、积极提供广告资源，并协助公司完成广告合同签订；\r\n3、积极参加公司广告业务知识培训。','2015-12-23 20:08:54','你的付出：每天坚持合计三小时',0,'销售',0,0,NULL,'',0,NULL,1,0,'2016-03-18 09:23:20'),(31,18,'刘女士','销售内勤 ','83656868','毕业生','中专/中学',20,357,'22~35',NULL,'中文','2001-3000','',2,'1、日常电话及上门客户业务洽谈，客户回复与报价，处理客户购货订单，对客户提供专业的服务及咨询。\r\n2、建立销售分类帐（反映出销售收入、进出货物数量等）\r\n3、处理进货与出货量，协调仓库发货。\r\n4、销售订货出单，及时录入系统。\r\n','2015-12-24 11:30:31','1、本科以上学历，市场营销或财务相关专业；\r\n2、1年以上工作经验，有销售类工作经验者优先。\r\n3、熟练使用办公软件；\r\n4、性格外向、反应敏捷、沟通及语言表达能力强，具有亲和力；\r\n5、具备良好的客户服务意识；\r\n6、有责任心，能承受较大工作压力；',0,'人事/行政',0,0,NULL,'',0,NULL,1,0,'2016-03-18 09:23:20'),(32,18,'刘女士','销售内勤 ','83656868','毕业生','中专/中学',20,357,'22~35',NULL,'中文','2001-3000','',2,'1、日常电话及上门客户业务洽谈，客户回复与报价，处理客户购货订单，对客户提供专业的服务及咨询。\r\n2、建立销售分类帐（反映出销售收入、进出货物数量等）\r\n3、处理进货与出货量，协调仓库发货。\r\n4、销售订货出单，及时录入系统。\r\n','2015-12-24 11:30:31','1、本科以上学历，市场营销或财务相关专业；\r\n2、1年以上工作经验，有销售类工作经验者优先。\r\n3、熟练使用办公软件；\r\n4、性格外向、反应敏捷、沟通及语言表达能力强，具有亲和力；\r\n5、具备良好的客户服务意识；\r\n6、有责任心，能承受较大工作压力；',0,'人事/行政',0,0,NULL,'',0,NULL,1,0,'2016-03-18 09:23:20'),(33,20,'何老师','美容师','13880633219','毕业生','中专/中学',20,357,'18~30',NULL,'中文','2001-3000','',6,'','2015-12-24 16:11:01','吃苦耐劳，善于与人沟通。',0,'美容/美发/按摩',0,0,NULL,'',0,NULL,2,0,'2016-03-18 09:23:20'),(34,20,'何老师','美容店长','13880633219','一年以下','中专/中学',20,357,'22~35',NULL,'中文','3001-5000','',6,'','2015-12-24 16:11:58','有美容行业从业经验。',0,'美容/美发/按摩',0,0,NULL,'',0,NULL,1,0,'2016-03-18 09:23:20'),(35,20,'何老师','拓客宣传员','13880633219','一年以下','中专/中学',20,357,'18~30',NULL,'中文','2001-3000','',6,'','2015-12-24 16:12:58','可寒假兼职。',0,'销售',0,0,NULL,'',0,NULL,2,0,'2016-03-18 09:23:20'),(36,20,'何老师','保安','13880633219','一年以下','中专/中学',20,357,'18~35',NULL,'中文','2001-3000','',6,'','2015-12-24 16:13:54','吃苦耐劳，踏实诚肯。',0,'家政/安保',0,0,NULL,'',0,NULL,1,0,'2016-03-18 09:23:20'),(37,13,'18084947746','寒假兼职','18081941445','实习生','中专/中学',20,357,'18~25',NULL,'中文','2000以下','90元/天，提供住宿。',6,'家政保洁','2015-12-24 16:26:25','工作地点：成都各城区',0,'兼职/实习',0,0,NULL,'',0,NULL,2,0,'2016-03-18 09:23:20'),(38,13,'谢先生','寒假兼职','18608013500','实习生','中专/中学',20,357,'18~28',NULL,'中文','2001-3000','公司提供餐补+推广提成+毕业后公司直聘的机会。',6,'活动推广助理，负责公司APP推广及活动的安排。','2015-12-24 16:31:35','吃苦耐劳，有强烈的责任心。',0,'销售',0,0,NULL,'',0,NULL,2,0,'2016-03-18 09:23:20'),(39,22,'廖先生','假期工','18080035322','实习生','中专/中学',20,357,'18~30',NULL,'中文','2000以下','薪资待遇：1700 元/月+夜班补助(30元/天) 福利待遇：岗前培训+商业保险。',6,'','2015-12-26 12:33:00','1、初中以上学历； 2、在读学生需持有效期内的学生证； 3、能适应门店倒班工作制； 4、上班时间需一月以上； 5、优秀者可转为全职店员。  ',0,'兼职/实习',0,0,NULL,'HZ/1k/1451379428085.png',0,NULL,2,0,'2016-03-18 09:23:20'),(40,40,'王敏','仓管员','18780053379','1年','专科',20,357,'20~35','软件园C区','英文','2001-3000','薪资待遇：1111110 元/月+夜班补助(30元/天) 福利待遇：岗前培训+商业保险。',1,'1、负责拓展渠道，开发新客户，销售公司推出的理财产品；\r\n\r\n2、有一定的金融客户资源以及了解金融市场运作者优先；\r\n\r\n3、负责维护销售渠道，维护老客户，为客户提供理财咨询等服务；\r\n\r\n4、负责收集市场信息和客户建议，向客户传递公司产品与服务信息；\r\n\r\n5、负责为客户提供金融理财的合理化建议，为客户实现资产保值增值。','2016-03-15 15:41:47','1、男性，20-35岁，中专高中以上学历，身体健康，吃苦耐劳；\r\n2、负责收发货物进出库，盘点等操作。',0,'电商/平台',1,1,'2016-03-17 14:02:07','0K\\M0\\1459852968978.jpg',0,'',1,1,'2016-04-05 17:34:48'),(41,40,'匡婷聘','操作工','13551088664','不限','中专/中学',20,357,'18~42','钱钱钱钱钱钱钱钱钱','中文','3001-5000','一级工：2900-3000；\r\n二级工：3200-3300；\r\n三级工：3600-3700。\r\n\r\n两班倒作业，每天工作八小时，加班三小时，每周休息一天，排班由公司统一安排。',6,'呜呜呜呜呜呜呜呜呜呜呜呜呜呜呜呜呜呜呜呜呜呜呜呜呜呜呜呜','2015-12-28 17:03:24','1、年龄：男，18-43岁，女，18-42岁；\r\n2、身高：男，1.65;女，158米；\r\n3、身体健康，无传染性疾病，听力正常；\r\n4、工作环境噪音非常大，需要员工心态平衡。',0,'普工/技工',0,0,NULL,'vW\\8u\\1459905988276.jpg',0,'',1,1,'2016-04-05 17:34:48'),(42,40,'宋欢','商业地产销售','18980902004','一年以下','中专/中学',20,357,'20~35',NULL,'中文','3001-5000','1、无责任底薪3000元，提成55%-80%，工资上万轻轻松松\r\n2、朝九晚五，上六休一',6,'','2015-12-29 09:24:53','1、大专以上学历，优秀放宽至高中，年龄20岁以上\r\n2、热爱销售，敢于挑战\r\n3、不接受实习生\r\n4、我们会进行相关的培训，能够很好的锻炼自己的能力',0,'普工/技工',0,0,NULL,'HZ/1k/1451379428085.png',0,NULL,1,0,'2016-04-05 17:34:48'),(43,40,'谢先生','销售人员','18608013500','毕业生','专科',20,357,'20~35',NULL,'中文','3001-5000','1、无责任底薪（3000-4500）+现场奖金（200-800）+高额提成（20%-40%）+周/月优秀奖+朝九点半晚六点半（双休）+社保+年终奖；\r\n\r\n2、周末双休，法定节假日津贴；\r\n\r\n3、无经验者享受免费带薪培训；\r\n\r\n3、广阔的发展、晋升空间，所有管理岗位均从内部优秀员工中提拔产生；\r\n\r\n4、职业发展方向：\r\n\r\n1） 纵向发展：销售人员---销售助理—销售主管---销售经理—销售总监；\r\n\r\n2） 横向发展：公司非常注重内聘，只要你符合我们招聘岗位需求，均可内部竞岗。（可以从公司发布的其他招聘岗位中选择自己期望转岗的岗位，公平竞争，如行政、人力、财务等岗位）\r\n\r\n另外，公司提供：\r\n1.法定节假日福利奖金\r\n\r\n2.周末双休 享受国家法定节假日 带薪年休假 婚假 产假 陪产假\r\n\r\n3.全员购买社保五险\r\n\r\n4.午餐补助\r\n\r\n5.住房补贴',6,'1、负责拓展渠道，开发新客户，销售公司推出的理财产品；\r\n\r\n2、有一定的金融客户资源以及了解金融市场运作者优先；\r\n\r\n3、负责维护销售渠道，维护老客户，为客户提供理财咨询等服务；\r\n\r\n4、负责收集市场信息和客户建议，向客户传递公司产品与服务信息；\r\n\r\n5、负责为客户提供金融理财的合理化建议，为客户实现资产保值增值。','2015-12-29 09:36:31','1、有对金融行业的热情，有一定的抗压能力；\r\n\r\n2、大专及以上学历（优秀者可放宽至高中），较强沟通能力；\r\n\r\n3、有团队精神，责任心强，吃苦耐劳，承压力强，勇于挑战；\r\n\r\n4、自信、勤奋、乐观，高度的工作热情；\r\n\r\n5、有贵金属现货、黄金白银外汇销售经验者。',0,'销售',0,0,NULL,'HZ/1k/1451379428085.png',0,NULL,1,0,'2016-04-05 17:34:48'),(44,40,'李经理','物资跟单员','18208158718','毕业生','中专/中学',20,357,'18~35',NULL,'中文','5001-8000','第一个月基本工资5000元/月五险+补助+奖金+话补+饭补。\r\n第二个月基本工资6000元/月+五险+补助+奖金+话补+饭补。\r\n每次出车一星期左右，出车每天饭费补助100元出车前给，出车回来休息2-3天，公司包吃住。\r\n每个月有300电话补助。\r\n有无经验均可，新手有师傅带。公司包吃住。买保险。',6,'清点货物数量，看管货物，记好单子，货物安全送到指定单位，让负责人签收。','2015-12-29 09:41:41','男女不限，年龄:18-40岁,有敬业而​‌‌踏实的工作态度;\r\n身体健康,能吃苦耐劳,爱岗敬业,无犯罪记录;\r\n有上进心和工作积极性,适应能力强和有团队协作能力；\r\n公司为能力强和表现突出的人才提供晋升和奖励福利。',0,'普工/技工',0,0,NULL,'HZ/1k/1451379428085.png',0,NULL,1,0,'2016-04-05 17:34:48'),(45,40,'常先生','人力资源助理','13688441011','一年以下','专科',20,357,'20~32',NULL,'中文','2001-3000','',2,'协助人力资源部完成人力资源管理相关工作。\r\n负责办公室行政后勤等日常事务。','2015-12-29 16:57:08','1、人力资源管理专业应届生；\r\n2、愿意参与公司项目活动并提升自身专业知识和能力。',0,'人事/行政',0,1,'2016-03-17 14:09:44','HZ/1k/1451379428085.png',1,'200',1,2,'2016-04-05 17:34:48'),(46,40,'易经理','会计',' 15308066097 ','1~2年','专科',20,357,'22~35',NULL,'中文','2001-3000','',2,'','2015-12-31 10:44:35','',0,'会计/出纳',0,0,NULL,'',0,NULL,1,0,'2016-04-05 17:34:48'),(47,40,'吕女士','税务会计 ','0816-2243022-172','毕业生','专科',20,362,'22~35',NULL,'中文','2001-3000','员工待遇： 极具竞争力的薪酬待遇！\r\n工作时间：每周工作5天，每天工作8小时；\r\n培训：提供多种培训课程，由HR专人负责个人职业规划；\r\n员工基金：用于员工福利等基金人均10,000元；\r\n社保：为员工购买1000元/月的社会保险和公积金，服务满一年后另加商业保险一份；\r\n体检：员工每年免费体检一次；\r\n通讯：员工配备手机，并提供话费补助；\r\n年假和探亲假：服务满1年起可享受带薪年假，探亲路费报销；\r\n产假/陪护假：女性员工享受国家规定产假，男性员工享受配偶产期陪护假一周；\r\n旅游和员工联谊：每年组织两次旅游以及其他的员工联谊活动；\r\n员工俱乐部：员工自发成立足球、羽毛球、电影、游泳、健身等俱乐部，公司提供资助；\r\n员工关怀：生日及红白喜事，都有公司福利安排；\r\n员工亲友关怀：员工子女享受节日礼物，员工亲友是在读学生的，可介绍寒暑期来公司实习。',2,'1.负责增值税发票、普通发票等正常购买发票和超限量购票，满足公司业务需要；\r\n2.核对销售提交的开票申请，开出增值税发票，并录入系统，并邮寄发票给客户；\r\n3.严格对发票进行审核，及时进行发票认证；\r\n4.合理制定税务筹划以及各项最新税收优惠政策的运用和办理，根据公司的实际情况，合理安排税票的开具，降低公司税负；\r\n5.凭证编制，审核，及月度结账工作，编制相关的财务报表 ；\r\n6.完成公司及部门安排的其他工作。\r\n','2015-12-31 10:57:32','1.税务、财务、会计专业大专及以上学历；\r\n2.熟悉掌握各项涉税业务在税局办事流程；\r\n3.良好的学习能力、独立工作能力；\r\n4.工作细致，责任感强，良好的沟通能力、团队精神；\r\n5.熟悉金蝶、用友等相关财务软件；\r\n6.有会计初级职业证书优先。\r\n',0,'会计/出纳',0,0,NULL,'',0,NULL,1,0,'2016-04-05 17:34:48'),(48,40,'黄祖玉','财务职员','66041889','毕业生','专科',20,357,'20~26',NULL,'中文','3001-5000','请学历与专业不符者勿投，谢谢合作！\r\n2200以上（实习期除外）+五险一金',2,'1、缴款确认与清账，审核非领结案及返还；\r\n2、审核客户开关户资料，检查经销客户可发货余额；\r\n3、审核非领解冻，制作在途报表，每月企划品盘点，完成月末相关月报。','2015-12-31 11:16:40','1、财务管理、会计、审计、金融、税务等相关专业，全日制统招大专（含）以上学历；\r\n2、熟悉电脑操作，具会计上岗证、英语4级425以上水平；\r\n3、具有较强的责任心与原则性，工作细致周全；\r\n4、优秀应届毕业生亦可。\r\n',0,'会计/出纳',0,0,NULL,'',0,NULL,1,0,'2016-04-05 17:34:48'),(49,40,'黄祖玉','直营业务代表','66041889','应届毕业生','专科',20,357,'20~30',NULL,'中文','3001-5000','工作地点：成都          上班时间：周一至周六，周日休假 \r\n薪资待遇：基本工资3100-3400+月业绩奖+年奖+五险一金 \r\n福利待遇：周六双倍加班费、带薪年假、节假日休假、结婚礼金、生育礼金、丧葬慰问金、住院慰问金及生日、节庆贺礼等\r\n培训晋升机制：入职/专业技能/进阶培训、定期轮岗培养、每年两次考核调薪、晋升…\r\n\r\n符合要求者，可直接将简历投递至邮箱：ksfschr@126.com（简历名称为：岗位+姓名+期望工作地点）。\r\n地址：成都市青羊区顺城大街顺吉大厦5楼B5\r\n欢迎浏览集团网站：http://www.masterkong.com.cn/\r\n',2,'1、KA卖场及连锁店业绩及日常管理；\r\n2、做好风险管理，保障账款回收；\r\n3、管理考核理货员，协助业绩达成。\r\n','2015-12-31 11:20:04','1、年龄20-30岁；\r\n2、全日制统招公办大专（含）以上学历\r\n3、形象气质佳，一年以上快速消费品KA销售经验者优先；\r\n4、性格外向，较强客户管理能力；\r\n5、具备一定报表能力。\r\n',0,'零售/百货',0,0,NULL,'',0,NULL,1,0,'2016-04-05 17:34:48'),(50,40,'邓先生','市场规划专员 ','66041888','应届毕业生','专科',20,357,'20~26',NULL,'中文','3001-5000','五险一金+补贴',1,'1、产品的通路开发、建设、促销、美化；\r\n2、产品在通路的销售分析、总结及策略方向的制定','2015-12-31 11:28:35','1、企管、营销、国贸、经济学、工商管理类相关专业，全日制统招大专（含）以上学历；\r\n2、学习能力及规划逻辑能力强，熟悉电脑操作；\r\n3、能接受加班。\r\n',0,'普工/技工',0,0,NULL,'',0,NULL,1,0,'2016-04-05 17:34:48'),(51,40,'吕仪','出纳员 ','69263774','应届毕业生','中专/中学',20,357,'20~28',NULL,'中文','2001-3000','周末双休、五险一金、年底双薪、免费早午餐、带薪年假',1,'','2015-12-31 11:35:58','    1、年龄40岁以下，中专以上学历，经济管理类专业；\r\n    2、持会计上岗证，崇州、温江居住者优先；\r\n    3、按照公司业务程序进行规范化工作；\r\n    4、具备良好的沟通能力，善于处理流程性事务，有良好的独立工作能力和财务分析能力；\r\n    5、为人诚实，工作严谨，原则性强，有较强的敬业精神及执行能力，反应敏锐、思维清晰；\r\n    6、能熟练使用Windows、Word、Excel等常用office软件。\r\n',0,'会计/出纳',0,0,NULL,'',0,NULL,1,0,'2016-04-05 17:34:48'),(52,9,'李女士','电气工程师 ','13880968092','应届毕业生','中专/中学',20,357,'20~40',NULL,'中文','2000以下','底薪+提成',3,'','2015-12-31 11:47:48','1.电气自动化等相关专业毕业，熟悉PLC、触摸屏、变频器、伺服的应用。\r\n2.能熟练使用AUTOAD及办公软件。\r\n3.良好的沟通能力、学习能力和团队精神，能吃苦，能适应出差。\r\n4.为人诚实正直，具有良好的职业道德和责任心。\r\n5.公司可提供食宿。\r\n',0,'普工/技工',0,0,NULL,'',0,NULL,1,0,'2016-03-18 09:23:20'),(53,9,'李女士',' 钳工 ','13880968092','应届毕业生','中专/中学',20,357,'20~35',NULL,'中文','3001-5000','',1,'','2015-12-31 11:49:28','1、身体健康;\r\n\r\n2、中技及以上学历，有3年以上钳工工作经验，有车、铣、磨经验优先。\r\n\r\n4、熟悉机械制图、识图。\r\n\r\n5、机械加工专业毕业、有模具（注塑模）制造经验者优先;\r\n\r\n6、服从公司安排，按质、按量、按时完成对应的工作。\r\n\r\n7、公司提供食宿。',0,'普工/技工',0,0,NULL,'',0,NULL,1,0,'2016-03-18 09:23:20'),(54,40,'吴先生 ','C++','13982288912','应届毕业生','中专/中学',20,357,'18~32',NULL,'中文','2000以下','只需要邀请一家商家入驻平台，不限制行业、商户规模，你将获得300元邀请奖励，持续一年最低28000元的消费提成！就是这么牛掰、就是这么任性。',6,'不需要你离职、不需要你朝九晚九，带上你的客户、带上你的商家、带上你的从业经验，加入+IM平台，我们还你一份持续、稳定的收益！','2016-01-04 09:52:31','无论你是美团、糯米、口碑、各类P2P平台或者其他O2O企业的地推员工，无论你在职还是下岗，只要你想、只要你做！2016年将为你的人生翻开崭新的篇章。\r\n',1,'销售',0,0,NULL,'',0,NULL,2,0,'2016-04-05 17:34:48'),(55,40,'吴先生 ','JAVA','13982288912','在读学生','专科',20,357,'18~32',NULL,'中文','2001-3000','这就是对比、这就是差距\r\n\r\n不信，你来看：\r\n1、邀请奖励300元，\r\n2、会员办理奖励：以一个每日百人流量的商家为例（这还仅仅是一个中小型商家的流量），每日办理5名会员，邀请人可获得5元/名*5=25元，每月750元\r\n（PS：商家为什么愿意办理会员？因为每办理一名会员商家可以获得25元奖励，还因为从此以后该会员的平台消费商家均有提成，就这么简单）\r\n3、会员消费奖励：150名会员每日在+IM平台商家消费100元，每月450000元，0.3%的奖励比例1350元\r\n4、会员到店消费奖励：每天平均5名会员到店消费，以人均100元计，每月5*100*30=15000元，1-3%的奖励比例为：150-450元\r\n5、商家签约期一年，累计每店可为签约者带来750+1350+150=2250*12=27000+300=27300元\r\n6、大家别忘了一点，每月会员消费是叠加的，所以28000元只是一个最低收入！\r\n7、我们相信你不会仅仅邀请一个商家，搞定身边朋友的店是最佳选择\r\n8、所有这些收入，只需要你的一次成功的邀请，其他的就交给我们吧',6,'','2016-01-04 09:53:45','支付宝全民开店，每成功邀请一家商家入驻口碑网奖励300元\r\n\r\n+IM的全民分享，每成功邀请一家商家入驻+IM”全名分享“奖励28000元\r\n',1,'销售',0,0,NULL,'',0,NULL,2,0,'2016-04-05 17:34:48'),(56,40,'申小姐','监播监控工程师(兼职)','13264516996','1年','专科',20,357,'22~35',NULL,'中文','5001-8000','',1,'职位描述：\r\n1、互联网电视日常监播监控工作，2人/班，每天2班；\r\n2、监播：每半小时轮询监播一次，并做好值班记录；\r\n3、监控：每半小时轮询监控一次，并做好值班记录；\r\n4、负责在线7*24服务响应，沟通各省运维人员，及时汇报监控在线系统的服务状态，及时反馈可能存在的风险和问题；\r\n5、配合产品人员的调整、测试、验证等工作。','2016-01-04 09:56:07','岗位要求：\r\n1、专科以上学历，计算机相关专业优先考虑，诚实守信，为人谦虚、勤奋努力，具有高度的团队合作精神和高度的工作热情；\r\n2、爱学习，善于发现处理问题；\r\n3、性格外向、开朗自信，具有良好的职业道德；\r\n4、在读大叁、四年级学生、毕业生 、专业实习、暑期见习、长期临时实习社会实践；\r\n5、计算机操作熟练，word、exel等操作熟练。',0,'普工/技工',0,0,NULL,'',0,NULL,1,0,'2016-04-05 17:34:48'),(57,40,'王老师','招生助理','13408588750','在读学生','专科',20,357,'18~32',NULL,'中文','2000以下','工作地点在锦江区\r\n时间为周一至周五下午3：00-6：00，周末：上午10：00-下午6：00，工资为50元/半天\r\n有效电话8元、带访15元。',3,'工作内容：在中小学学校门口派发宣传单或者周末在书店或者培训机构门口派发宣传单','2016-01-04 09:58:24','',0,'普工/技工',0,0,NULL,'',0,NULL,1,0,'2016-04-05 17:34:48'),(58,40,'王老师','市场推广','13408588750','1年','专科',20,357,'18~35',NULL,'中文','3001-5000','时间为周一至周五下午3：00-6：00，周末：上午10：00-下午6：00，工资为50元/半天，有效电话8元、带访15元。',3,'在中小学学校门口派发宣传单或者周末在书店或者培训机构门口派发宣传单','2016-01-04 09:59:24','',0,'销售',0,0,NULL,'',0,NULL,2,0,'2016-04-05 17:34:48'),(59,40,'宋老师','招聘校园代理','15680059558','在读学生','专科',20,357,'18~32',NULL,'中文','2001-3000','工作回报\r\n    1、经济收入：提成+奖金，按业绩多劳多得，收入几百上千元不等，月结算。工作优异者有机会晋升校园总代理，享受有责任底薪和更丰厚的奖金。\r\n    2、能力提升：工作前提供专业知识培训，工作中提供指导、协助及所需支持。通过本工作平台的锻炼，语言表达、与人沟通、人际相处、胆量、自信心、思考分析、工作统筹管理等多方面能力将获得较大提升。让不自信的你绽放自信，让自信的你绽放精彩。\r\n    3、工作满三个月可获得公司实习证明；工作表现优异者，可获得毕业实习和毕业后全职留任机会。',3,'主要工作描述\r\n    1、负责在本校内进行大自考专升本或大自考本科第二学位的宣传推广，了解同学报考需求。\r\n    2、收集意向学员名单，交由我中心老师沟通讲解，协助老师对意向学员沟通讲解。\r\n    3、根据个人意愿，可组建自己的校园兼职宣传团队，让自己成为一名初级管理者和创业者，全面提升自身各项能力。\r\n    4、工作时间均为自己的空余时间且自行安排，不耽误学习。工作简单，待遇好。','2016-01-04 10:01:37','招聘要求\r\n    1、招聘人员为在校大学生，为人诚信务实，责任心强，工作积极主动、勤奋踏实，有较强的执行力，有一定的市场宣传推广能力。\r\n    2、以下学生优先录用：\r\n    1）需勤工俭学的学生；   2）学生会或社团干部；   3）有招生代理或兼职销售工作经验的学生；   4）期望锻炼自我、提升能力的学生。\r\n',0,'销售',0,0,NULL,'',0,NULL,2,0,'2016-04-05 17:34:48'),(60,40,'李老师','促销/导购','15828542420','在读学生','中专/中学',20,357,'18~32',NULL,'中文','2001-3000','90元/天/人（月结）',6,'伊利酸奶试吃促销。','2016-01-08 10:38:06','性格开朗外向，做事积极负责，服从安排。\r\n有促销经验，有健康证者优先考虑。',0,'销售',0,1,'2016-03-17 14:08:42','5N/W8/1452220686462.jpg',0,NULL,2,1,'2016-04-05 17:34:48'),(61,40,'赖老师','寒假兼职','15928710169','在读学生','中专/中学',20,357,'18~32',NULL,'中文','2001-3000','70-80元/天+高额提成+上访奖+高额报名提成',6,'每天至少6-8张毛单，有效至少2张以上。','2016-01-08 10:47:14','男女不限，年满18周岁，诚信正能量，服从公司安排，追求高薪。',0,'销售',0,0,NULL,'',0,NULL,2,0,'2016-04-05 17:34:48'),(62,40,'宋欢','销售代表','15198170455','应届毕业生','专科',20,357,'22~35',NULL,'中文','2001-3000','底薪1500+车补450，月度奖金上不封顶，几千到一两万。\r\n五险一金，有补充医疗报销及商业保险。',6,'1、定位目标客户，并向目标客户推介我行信用卡及相关增值服务；\r\n2、为已持卡现有客户提供后续的咨询与维护服务；\r\n3、推广和办理我行白金信用卡，并维护自己的白金卡客户；\r\n4、其他相关的市场宣传及促动工作。','2016-01-08 11:03:00','1、大专以上学历，身体健康；\r\n2、有过销售经验（陌拜，电销）优先；\r\n3、能吃苦耐劳，品德端正，抗压能力强，良好的服务意识。',0,'销售',0,1,'2016-03-17 14:07:30','zn/5H/1452222180961.jpg',0,NULL,2,0,'2016-04-05 17:34:48'),(69,40,'13333','俄文','13699464942','不限','不限',3,36,'1~2','如果二个人','中文','2000以下','五险√',1,'无情的期望对方是否反对地方的热热热分根本不改变','2016-03-14 18:03:18','分根本改变过不改变国防部国防不放过不过分吧',1,'司机',0,0,NULL,'',0,NULL,1,0,'2016-04-05 17:34:48'),(70,40,'34','2324234','13433434543','不限','不限',2,5,'2~3','324324','中文','2000以下','公积金√',1,'34333333333333333333333333333','2016-03-14 18:06:47','333333333333333333333',0,'汽车行业',0,0,NULL,NULL,0,NULL,1,0,'2016-04-05 17:34:48'),(71,40,'11111','1111','13655696565','不限','不限',3,36,'1~2','222','中文','2000以下','节日福利√',1,'222222222222222222222222222','2016-03-14 18:11:35','222222222222222222222',0,'餐饮/酒店',0,0,NULL,'web/images/goodluck/logo.png',0,NULL,1,0,'2016-04-05 17:34:48'),(72,40,'2222','3333','13655454546','不限','不限',2,5,'3~4','3333','中文','2000以下','补充商业保险√,节日福利√,公积金√,五险√',1,'333333333333333333333','2016-03-14 18:17:03','333333333333333333333',1,'司机',0,0,NULL,'web/images/goodluck/logo.png',0,NULL,1,1,'2016-04-05 17:34:48'),(76,40,'QQ','R23R','18322222222','不限','专科',1,1,'3~3','233R','日文','5001-8000','五险√,公积金√,节日福利√',1,'233333333333333333333333333333','2016-03-15 15:08:27','3444444444444444444433',0,'普工/技工',0,0,NULL,'web/images/goodluck/logo.png',1,'',1,0,'2016-04-05 17:34:48'),(77,40,'qewe','213','13511111111','不限','不限',2,5,'22~2','123','中文','2000以下','五险√,公积金√',1,'122222222222222222222','2016-03-15 15:13:22','333333333333333333333333333333',0,'汽车行业',0,0,NULL,'web/images/goodluck/logo.png',1,'11',1,0,'2016-04-05 17:34:48'),(78,40,'qq','faf','18380426135','不限','不限',3,36,'2~3','aaaaaa','中文','20000以上','',3,'fffffffffffffffffffffffffffffffffff','2016-03-17 15:19:55','dddddddddddddddddddddddddd',0,'普工/技工',0,1,NULL,'web/images/goodluck/logo.png',1,'234',2,0,'2016-04-05 17:34:48'),(79,40,'hansen','JAVA','18380426135','不限','不限',1,1,'33~22','dfhsrhsfa','中文','10001-15000','afdfafeqfqefqfqefqfq',12,'rrrrrrrrrrrrrrrrrrrrrrrrrrrr','2016-03-17 15:26:36','222222222222222222222222',0,'零售/百货',0,1,NULL,'web/images/goodluck/logo.png',1,'444',1,0,'2016-04-05 17:34:48'),(80,40,'rere','wsew','18380426135','不限','不限',1,1,'13~31','adsfasfwqf','英文','15001-20000','31r3r1212',1,'31r31r123r1r211111111111111','2016-04-05 17:43:59','222222222222222222222222',0,'会计/出纳',0,0,NULL,'wl\\Ds\\1459849439905.jpg',0,NULL,1,2,'2016-04-05 17:43:59'),(81,40,'fwefw','fewsew','18380426135','不限','专科',3,36,'23~32','wfefwefwef','英文','10001-15000','wrwrwrwr',1,'weeeeeeeeeeeeeeeeeeeeeeeee','2016-04-05 18:07:27','ewwwwwwwwwwwwwwwwwwwwwww',0,'汽车行业',0,1,NULL,'Dc\\PA\\1459850791163.jpg',1,'222',1,2,'2016-04-05 18:07:27');

/*Table structure for table `label` */

DROP TABLE IF EXISTS `label`;

CREATE TABLE `label` (
  `id` int(11) NOT NULL AUTO_INCREMENT,
  `main_id` int(11) DEFAULT NULL COMMENT '分类id',
  `name` varchar(255) DEFAULT NULL COMMENT '标签名字',
  `description` varchar(1000) DEFAULT NULL COMMENT '描述',
  PRIMARY KEY (`id`)
) ENGINE=InnoDB AUTO_INCREMENT=20 DEFAULT CHARSET=utf8;

/*Data for the table `label` */

insert  into `label`(`id`,`main_id`,`name`,`description`) values (3,4,'职业咨询',''),(4,4,'职位向导',''),(5,4,'培训信息',''),(6,1,'骑行',''),(7,4,'培训推送',''),(8,2,'页面设计',''),(9,1,'足球',''),(10,1,'跑步',''),(11,1,'游泳',''),(12,2,'ps',''),(13,2,'java',''),(14,2,'c++',''),(15,3,'年底双薪',''),(16,3,'周末双休',''),(17,3,'五险一金',''),(18,3,'福利待遇好','妹纸多 有程序员鼓励师'),(19,4,'政策资讯','发布企业政策指导');

/*Table structure for table `level` */

DROP TABLE IF EXISTS `level`;

CREATE TABLE `level` (
  `id` int(11) NOT NULL AUTO_INCREMENT,
  `name` varchar(100) DEFAULT NULL,
  `sort` int(11) DEFAULT NULL,
  `posts_num` int(11) DEFAULT NULL,
  `praise_num` int(11) DEFAULT NULL,
  `point` int(11) DEFAULT NULL,
  PRIMARY KEY (`id`)
) ENGINE=InnoDB AUTO_INCREMENT=12 DEFAULT CHARSET=utf8;

/*Data for the table `level` */

insert  into `level`(`id`,`name`,`sort`,`posts_num`,`praise_num`,`point`) values (1,'实习生',0,0,0,0),(2,'菜鸟',1,10,5,20),(3,'学徒',2,20,10,50),(4,'蓝领',3,40,20,100),(5,'师傅',4,80,40,500),(6,'大师傅',5,160,80,1000),(7,'主管',6,640,320,2000),(8,'经理',7,1280,640,5000),(9,'总监',8,2560,1280,10000),(10,'金领',9,5120,2560,20000),(11,'蓝金领',10,20480,10240,50000);

/*Table structure for table `localtion_college` */

DROP TABLE IF EXISTS `localtion_college`;

CREATE TABLE `localtion_college` (
  `id` int(11) NOT NULL AUTO_INCREMENT,
  `province_id` int(11) DEFAULT NULL COMMENT '省份ID',
  `city_id` int(11) DEFAULT NULL COMMENT '城市ID',
  `college_id` int(11) DEFAULT NULL COMMENT '学校ID',
  PRIMARY KEY (`id`),
  UNIQUE KEY `NewIndex2` (`province_id`,`city_id`,`college_id`)
) ENGINE=InnoDB AUTO_INCREMENT=6 DEFAULT CHARSET=utf8;

/*Data for the table `localtion_college` */

insert  into `localtion_college`(`id`,`province_id`,`city_id`,`college_id`) values (1,20,357,1),(2,20,357,2),(3,20,357,3),(4,20,357,4),(5,20,357,5);

/*Table structure for table `main_label` */

DROP TABLE IF EXISTS `main_label`;

CREATE TABLE `main_label` (
  `id` int(10) NOT NULL AUTO_INCREMENT,
  `name` varchar(255) DEFAULT NULL COMMENT '名字',
  PRIMARY KEY (`id`)
) ENGINE=InnoDB AUTO_INCREMENT=5 DEFAULT CHARSET=utf8;

/*Data for the table `main_label` */

insert  into `main_label`(`id`,`name`) values (1,'爱好标签'),(2,'技能标签'),(3,'优势标签'),(4,'帖子标签');

/*Table structure for table `major` */

DROP TABLE IF EXISTS `major`;

CREATE TABLE `major` (
  `id` int(11) NOT NULL AUTO_INCREMENT,
  `code` varchar(100) NOT NULL DEFAULT ' ',
  `name` varchar(100) DEFAULT NULL,
  `desc` varchar(1000) NOT NULL DEFAULT ' ',
  PRIMARY KEY (`id`)
) ENGINE=InnoDB AUTO_INCREMENT=158 DEFAULT CHARSET=utf8;

/*Data for the table `major` */

insert  into `major`(`id`,`code`,`name`,`desc`) values (1,' ','机械设计制造及其自动化',' '),(2,' ','车辆工程',' '),(3,' ','测控技术与仪器',' '),(4,' ','材料成型及控制工程',' '),(5,' ','电气工程及其自动化',' '),(6,' ','自动化',' '),(7,' ','电子信息工程',' '),(8,' ','通信工程',' '),(9,' ','电气自动化技术',' '),(10,' ','生物工程',' '),(11,' ','食品科学与工程',' '),(12,' ','食品质量与安全',' '),(13,' ','制药工程',' '),(14,' ','药学',' '),(15,' ','土木工程',' '),(16,' ','工程管理',' '),(17,' ','工程造价',' '),(18,' ','环境工程',' '),(19,' ','测绘工程',' '),(20,' ','建筑装饰工程技术',' '),(21,' ','计算机科学与技术',' '),(22,' ','信息与计算科学',' '),(23,' ','软件工程',' '),(24,' ','网络工程',' '),(25,' ','数字媒体技术',' '),(26,' ','工商管理',' '),(27,' ','会计学',' '),(28,' ','国际经济与贸易',' '),(29,' ','财务管理',' '),(30,' ','工商企业管理',' '),(31,' ','会计',' '),(32,' ','市场营销',' '),(33,' ','电子商务',' '),(34,' ','金融管理与实务',' '),(35,' ','社区管理与服务',' '),(36,' ','旅游管理',' '),(37,' ','文化产业管理',' '),(38,' ','会展经济与管理',' '),(39,' ','酒店管理',' '),(40,' ','汉语言文学',' '),(41,' ','汉语国际教育',' '),(42,' ','广播电视新闻学',' '),(43,' ','新闻采编与制作',' '),(44,' ','英语',' '),(45,' ','商务英语',' '),(46,' ','泰语',' '),(47,' ','大学英语',' '),(48,' ','法学',' '),(49,' ','视觉传达',' '),(50,' ','环境设计',' '),(51,' ','产品设计',' '),(52,' ','动画',' '),(53,' ','绘画',' '),(54,' ','艺术设计',' '),(55,' ','音乐表演',' '),(56,' ','广播电视编导',' '),(57,' ','电视节目制作',' '),(58,' ','影视表演',' '),(59,' ','休闲体育',' '),(60,' ','体育教育',' '),(61,' ','社会体育指导与管理',' '),(62,' ','临床医学',' '),(63,' ','护理学',' '),(64,' ','护理',' '),(65,' ','中药学',' '),(66,' ','口腔医学技术',' '),(67,' ','小学教育',' '),(68,' ','应用心理学',' '),(69,' ','艺术教育',' '),(70,' ','语文教育',' '),(71,' ','数学教育',' '),(72,' ','英语教育',' '),(73,' ','学前教育',' '),(74,' ','特殊教育',' '),(75,' ','学前教育对口高职',' '),(76,' ','药物化学',' '),(77,' ','药剂学',' '),(78,' ','生药学',' '),(79,' ','药物分析学',' '),(80,' ','微生物与生化药学',' '),(81,' ','药理学',' '),(82,' ','生化过程的发酵调控',' '),(83,' ','生化产物的分离精制',' '),(84,' ','美术',' '),(85,' ','音乐',' '),(86,' ','戏剧',' '),(87,' ','广播电视',' '),(88,' ','物业管理',' '),(89,' ','英语（师范）',' '),(90,' ','经济学',' '),(91,' ','国际商务',' '),(92,' ','金融保险',' '),(93,' ','资产评估',' '),(94,' ','审计学',' '),(95,' ','会计电算化',' '),(96,' ','汉语言文学（师范）',' '),(97,' ','汉语',' '),(98,' ','法学（师范）',' '),(99,' ','法律事务',' '),(100,' ','物联网工程',' '),(101,' ','计算机多媒体技术',' '),(102,' ','视觉传达设计',' '),(103,' ','绘画（师范）',' '),(104,' ','绘画（油画方向）',' '),(105,' ','广告设计与制作',' '),(106,' ','广播电视学',' '),(107,' ','主持与播音',' '),(108,' ','表演（音乐剧方向）',' '),(109,' ','表演（影视戏剧表演方向）',' '),(110,' ','建筑学',' '),(111,' ','风景园林',' '),(112,' ','建筑工程管理',' '),(113,' ','宝玉石鉴定与加工技术',' '),(114,' ','文化创意与策划',' '),(115,' ','航空服务',' '),(116,' ','建筑电气及智能化',' '),(117,' ','人力资源',' '),(118,' ','投资学',' '),(119,' ','税收学',' '),(120,' ','交通运输',' '),(121,' ','物流工程',' '),(122,' ','工业设计',' '),(123,' ','道路桥梁工程技术',' '),(124,' ','建筑工程技术',' '),(125,' ','工程测量技术',' '),(126,' ','建筑电气工程技术',' '),(127,' ','市政工程技术',' '),(128,' ','地下工程与隧道工程技术',' '),(129,' ','工程监理',' '),(130,' ','城市轨道交通运营管理',' '),(131,' ','公路运输与管理',' '),(132,' ','铁道机车车辆',' '),(133,' ','铁道交通运营管理',' '),(134,' ','会计与审计',' '),(135,' ','税务',' '),(136,' ','房地产经营与估价',' '),(137,' ','汽车技术服务与营销',' '),(138,' ','汽车运用与维修',' '),(139,' ','软件技术',' '),(140,' ','电子信息工程技术',' '),(141,' ','计算机应用技术',' '),(142,' ','应用英语（幼儿英语方向）',' '),(143,' ','文秘',' '),(144,' ','烹饪工艺与营养',' '),(145,' ','空中乘务',' '),(146,' ','民航商务',' '),(147,' ','体育服务与管理',' '),(148,' ','物流',' '),(149,' ','连锁经营管理',' '),(150,' ','空港服务',' '),(151,' ','航空安检',' '),(152,' ','民航空中安全保卫',' '),(153,' ','民航安全技术管理',' '),(154,' ','航空机电设备维修',' '),(155,' ','航空物流',' '),(156,' ','四川省',' '),(157,' ','四川天一学院',' ');

/*Table structure for table `major_position` */

DROP TABLE IF EXISTS `major_position`;

CREATE TABLE `major_position` (
  `id` int(11) NOT NULL AUTO_INCREMENT,
  `marjorId` int(11) DEFAULT NULL COMMENT '专业ID',
  `positionId` int(11) DEFAULT NULL COMMENT '职位ID',
  PRIMARY KEY (`id`),
  UNIQUE KEY `onlyK` (`marjorId`,`positionId`)
) ENGINE=InnoDB AUTO_INCREMENT=3573 DEFAULT CHARSET=utf8;

/*Data for the table `major_position` */

insert  into `major_position`(`id`,`marjorId`,`positionId`) values (1,1,222),(2,1,223),(3,1,224),(4,1,225),(5,1,226),(6,1,227),(7,1,228),(8,1,229),(9,1,230),(10,1,231),(11,1,232),(12,1,233),(13,1,234),(14,1,235),(15,1,236),(16,1,237),(17,1,238),(18,1,239),(19,2,240),(20,2,241),(21,2,242),(22,3,243),(23,3,244),(24,3,245),(25,3,246),(26,3,247),(27,3,248),(28,3,249),(29,3,250),(30,3,251),(31,3,252),(35,4,224),(37,4,225),(39,4,248),(32,4,253),(33,4,254),(34,4,255),(36,4,256),(38,4,257),(40,4,258),(41,4,259),(42,4,260),(48,5,248),(46,5,257),(43,5,261),(44,5,262),(45,5,263),(47,5,264),(49,5,265),(50,5,266),(51,5,267),(52,5,268),(58,6,248),(56,6,257),(53,6,261),(54,6,262),(55,6,263),(57,6,264),(59,6,265),(60,6,266),(61,6,267),(62,6,268),(65,7,245),(64,7,246),(63,7,269),(66,7,270),(69,8,39),(74,8,239),(72,8,246),(67,8,271),(68,8,272),(70,8,273),(71,8,274),(73,8,275),(75,8,276),(76,8,277),(77,8,278),(78,8,279),(84,9,248),(82,9,257),(79,9,261),(80,9,262),(81,9,263),(83,9,264),(85,9,265),(86,9,266),(87,9,267),(88,9,268),(90,10,243),(91,10,246),(89,10,280),(92,10,281),(93,10,282),(94,10,283),(95,10,284),(96,10,285),(101,11,281),(97,11,286),(98,11,287),(99,11,288),(100,11,289),(102,11,290),(103,11,291),(104,11,292),(107,12,292),(105,12,293),(106,12,294),(112,13,223),(115,13,248),(114,13,282),(108,13,289),(109,13,295),(110,13,296),(111,13,297),(113,13,298),(116,13,299),(123,14,289),(119,14,296),(117,14,300),(118,14,301),(120,14,302),(121,14,303),(122,14,304),(124,14,305),(131,15,224),(134,15,248),(126,15,253),(127,15,254),(128,15,255),(133,15,256),(125,15,306),(129,15,307),(130,15,308),(132,15,309),(140,16,248),(136,16,254),(138,16,256),(137,16,263),(135,16,306),(139,16,310),(141,16,311),(142,16,312),(143,16,313),(145,17,253),(147,17,254),(144,17,306),(146,17,314),(152,18,226),(148,18,315),(149,18,316),(150,18,317),(151,18,318),(153,18,319),(155,19,225),(161,19,249),(162,19,250),(163,19,251),(164,19,252),(154,19,254),(156,19,257),(157,19,320),(158,19,321),(159,19,322),(160,19,323),(169,20,253),(170,20,310),(171,20,311),(172,20,324),(180,21,28),(183,21,227),(178,21,247),(179,21,248),(174,21,261),(184,21,270),(173,21,271),(185,21,276),(177,21,319),(175,21,323),(176,21,325),(181,21,326),(182,21,327),(186,21,328),(187,21,329),(193,22,241),(191,22,244),(189,22,323),(190,22,325),(188,22,330),(192,22,331),(194,23,323),(195,23,325),(199,24,39),(201,24,246),(200,24,269),(197,24,330),(196,24,332),(198,24,333),(202,25,246),(205,26,218),(203,26,334),(204,26,335),(206,26,336),(207,26,337),(209,27,337),(208,27,338),(210,27,339),(211,27,340),(212,27,341),(213,27,342),(214,27,343),(215,27,344),(216,27,345),(217,27,346),(218,27,347),(219,27,348),(220,27,349),(221,27,350),(222,27,351),(223,28,352),(224,28,353),(225,28,354),(226,28,355),(227,28,356),(228,28,357),(229,28,358),(230,28,359),(231,28,360),(232,28,361),(233,28,362),(234,28,363),(235,28,364),(236,28,365),(237,28,366),(238,28,367),(239,28,368),(240,28,369),(241,28,370),(242,28,371),(243,28,372),(244,28,373),(245,28,374),(246,28,375),(247,28,376),(248,29,337),(249,29,339),(250,29,340),(251,29,341),(252,29,342),(253,29,343),(261,29,344),(262,29,345),(263,29,346),(264,29,347),(265,29,348),(266,29,349),(267,29,350),(268,29,351),(256,29,362),(257,29,363),(258,29,364),(259,29,365),(260,29,366),(254,29,377),(255,29,378),(272,30,275),(273,30,303),(269,30,334),(270,30,335),(281,30,337),(279,30,340),(277,30,341),(278,30,342),(280,30,343),(271,30,379),(274,30,380),(275,30,381),(276,30,382),(283,31,337),(282,31,338),(284,31,339),(285,31,340),(286,31,341),(287,31,342),(288,31,343),(289,31,344),(290,31,345),(291,31,346),(292,31,347),(293,31,348),(294,31,349),(295,31,350),(296,31,351),(301,32,214),(298,32,218),(300,32,274),(299,32,287),(306,32,336),(297,32,354),(302,32,383),(303,32,384),(304,32,385),(305,32,386),(310,33,214),(308,33,245),(311,33,333),(307,33,353),(309,33,387),(312,33,388),(315,34,340),(314,34,341),(316,34,343),(313,34,380),(320,35,53),(321,35,133),(318,35,303),(319,35,304),(317,35,389),(322,35,390),(326,36,214),(325,36,274),(323,36,354),(324,36,391),(327,36,392),(328,36,393),(329,36,394),(330,36,395),(332,37,303),(333,37,304),(331,37,335),(335,38,304),(334,38,335),(339,39,214),(338,39,274),(336,39,354),(337,39,391),(340,39,396),(341,39,397),(342,39,398),(343,39,399),(349,40,214),(346,40,287),(344,40,400),(345,40,401),(347,40,402),(348,40,403),(350,40,404),(351,40,405),(352,40,406),(353,40,407),(354,40,408),(355,41,403),(362,42,145),(356,42,409),(357,42,410),(358,42,411),(359,42,412),(360,42,413),(361,42,414),(367,43,287),(371,43,405),(363,43,415),(364,43,416),(365,43,417),(366,43,418),(368,43,419),(369,43,420),(370,43,421),(372,44,356),(373,44,422),(374,44,423),(375,44,424),(376,45,353),(377,45,354),(379,45,355),(378,45,425),(380,45,426),(381,45,427),(382,46,416),(383,46,422),(384,46,423),(385,46,424),(386,47,422),(387,47,423),(388,47,424),(391,48,201),(393,48,203),(389,48,382),(390,48,391),(392,48,428),(394,48,429),(395,48,430),(396,49,431),(397,49,432),(398,49,433),(399,49,434),(400,49,435),(402,50,98),(401,50,255),(403,50,436),(407,51,81),(405,51,97),(404,51,98),(406,51,437),(408,51,438),(409,52,94),(411,52,98),(412,52,438),(410,52,439),(413,52,440),(414,52,441),(415,52,442),(422,53,94),(418,53,98),(417,53,255),(419,53,436),(420,53,438),(423,53,441),(416,53,443),(421,53,444),(424,53,445),(432,54,94),(428,54,98),(426,54,255),(427,54,262),(431,54,324),(429,54,438),(425,54,439),(433,54,441),(430,54,446),(434,54,447),(435,54,448),(436,54,449),(437,55,450),(438,55,451),(439,55,452),(440,55,453),(441,55,454),(442,55,455),(443,55,456),(444,55,457),(450,56,409),(445,56,410),(447,56,411),(448,56,412),(449,56,413),(446,56,458),(453,57,412),(452,57,456),(451,57,459),(454,58,460),(455,58,461),(456,58,462),(457,59,463),(458,59,464),(459,59,465),(464,60,463),(465,60,464),(460,60,466),(461,60,467),(462,60,468),(463,60,469),(466,61,463),(467,61,464),(474,62,296),(475,62,470),(476,62,471),(477,62,472),(478,62,473),(479,62,474),(480,62,475),(481,62,476),(482,62,477),(483,62,478),(484,62,479),(485,62,480),(486,62,481),(487,62,482),(488,62,483),(489,62,484),(490,62,485),(491,62,486),(492,62,487),(493,62,488),(494,62,489),(495,62,490),(496,62,491),(497,62,492),(498,62,493),(499,62,494),(500,62,495),(501,62,496),(502,62,497),(503,62,498),(504,62,499),(505,62,500),(506,62,501),(507,62,502),(508,62,503),(509,62,504),(510,62,505),(511,62,506),(515,63,296),(517,63,473),(512,63,507),(513,63,508),(514,63,509),(516,63,510),(518,63,511),(519,63,512),(520,63,513),(521,63,514),(522,63,515),(523,63,516),(524,63,517),(525,64,513),(526,64,514),(527,64,515),(528,64,516),(529,64,517),(534,65,289),(530,65,297),(533,65,302),(535,65,305),(531,65,518),(532,65,519),(539,66,246),(540,66,332),(542,66,474),(543,66,475),(536,66,509),(537,66,520),(538,66,521),(541,66,522),(544,67,466),(545,67,469),(546,67,523),(551,68,94),(549,68,334),(548,68,391),(553,68,459),(547,68,524),(550,68,525),(552,68,526),(555,69,98),(559,69,101),(561,69,434),(556,69,436),(554,69,451),(558,69,523),(557,69,527),(560,69,528),(562,69,529),(563,70,466),(564,70,469),(565,70,523),(566,71,466),(567,71,469),(568,71,523),(569,72,466),(570,72,469),(571,72,523),(580,73,450),(578,73,451),(582,73,466),(581,73,523),(579,73,530),(583,74,531),(584,74,532),(585,74,533),(586,74,534),(596,76,535),(597,76,536),(598,77,537),(599,77,538),(602,78,537),(600,78,538),(601,78,539),(604,79,538),(603,79,540),(608,80,301),(605,80,541),(606,80,542),(607,80,543),(609,80,544),(611,81,542),(610,81,545),(613,82,301),(612,82,542),(615,83,542),(614,83,546),(617,84,98),(619,84,262),(622,84,434),(620,84,436),(618,84,438),(616,84,439),(621,84,441),(623,84,547),(638,85,102),(636,85,450),(643,85,455),(644,85,456),(647,85,457),(640,85,469),(639,85,528),(637,85,548),(641,85,549),(642,85,550),(645,85,551),(646,85,552),(654,86,410),(653,86,415),(648,86,421),(650,86,450),(649,86,553),(651,86,554),(652,86,555),(655,86,556),(656,86,557),(657,86,558),(658,86,559),(663,87,145),(664,87,409),(662,87,410),(659,87,414),(660,87,416),(661,87,417),(1346,88,310),(1345,88,525),(1344,88,560),(1347,88,561),(1348,88,562),(1358,89,356),(1359,89,422),(1360,89,423),(1361,89,424),(1362,89,466),(1394,90,253),(1395,90,255),(1396,90,274),(1397,90,337),(1398,90,339),(1399,90,341),(1400,90,342),(1401,90,343),(1408,90,357),(1409,90,358),(1410,90,359),(1411,90,360),(1412,90,361),(1413,90,362),(1414,90,363),(1415,90,364),(1416,90,365),(1417,90,366),(1418,90,367),(1419,90,368),(1420,90,369),(1421,90,370),(1422,90,371),(1423,90,372),(1424,90,373),(1425,90,374),(1426,90,375),(1427,90,376),(1402,90,563),(1403,90,564),(1404,90,565),(1405,90,566),(1406,90,567),(1407,90,568),(1429,91,352),(1428,91,353),(1430,91,354),(1432,91,425),(1433,91,427),(1431,91,569),(1463,92,214),(1460,92,287),(1461,92,334),(1459,92,570),(1462,92,571),(1481,93,275),(1484,93,341),(1485,93,342),(1480,93,560),(1479,93,572),(1482,93,573),(1483,93,574),(1486,93,575),(1487,94,253),(1490,94,337),(1491,94,341),(1492,94,342),(1493,94,343),(1488,94,576),(1489,94,577),(1494,95,343),(1495,95,576),(1496,95,577),(1513,96,214),(1510,96,287),(1508,96,400),(1509,96,401),(1511,96,402),(1512,96,403),(1514,96,404),(1515,96,405),(1516,96,406),(1517,96,407),(1518,96,408),(1519,96,466),(1525,97,391),(1522,97,415),(1523,97,416),(1524,97,417),(1521,97,466),(1520,97,578),(1526,97,579),(1527,97,580),(1537,98,201),(1539,98,203),(1535,98,382),(1536,98,391),(1538,98,428),(1540,98,429),(1541,98,430),(1542,98,581),(1544,99,201),(1546,99,203),(1543,99,391),(1545,99,428),(1547,99,429),(1548,99,430),(1577,100,330),(1576,100,332),(1578,100,333),(1579,101,582),(1580,101,583),(1611,102,431),(1612,102,432),(1613,102,433),(1614,102,434),(1615,102,435),(1625,103,94),(1621,103,98),(1620,103,255),(1622,103,436),(1623,103,438),(1626,103,441),(1619,103,443),(1624,103,444),(1627,103,466),(1634,104,94),(1630,104,98),(1629,104,255),(1631,104,436),(1632,104,438),(1635,104,441),(1628,104,443),(1633,104,444),(1636,104,445),(1637,105,94),(1640,105,109),(1639,105,438),(1638,105,441),(1644,106,145),(1650,106,409),(1643,106,410),(1647,106,411),(1648,106,412),(1649,106,413),(1641,106,414),(1642,106,416),(1645,106,417),(1646,106,458),(1658,107,409),(1657,107,414),(1682,108,450),(1683,108,451),(1684,108,452),(1685,108,453),(1686,108,454),(1687,108,455),(1688,108,456),(1689,108,457),(1693,109,287),(1695,109,403),(1690,109,414),(1696,109,440),(1691,109,451),(1697,109,453),(1692,109,554),(1694,109,584),(1711,110,254),(1710,110,256),(1706,110,307),(1709,110,309),(1708,110,324),(1712,110,420),(1707,110,585),(1713,110,586),(1714,110,587),(1715,110,588),(1717,111,307),(1718,111,324),(1719,111,420),(1716,111,589),(1725,112,248),(1721,112,254),(1723,112,256),(1722,112,263),(1720,112,306),(1724,112,310),(1726,112,311),(1727,112,312),(1728,112,313),(1733,113,590),(1734,113,591),(1737,114,287),(1735,114,420),(1736,114,585),(1738,115,592),(1739,115,593),(1740,115,594),(1741,115,595),(1742,115,596),(2037,115,636),(2036,115,652),(2038,115,653),(2039,115,654),(1778,116,256),(1776,116,310),(1777,116,313),(1794,117,275),(1795,117,334),(1804,117,385),(1790,117,391),(1789,117,524),(1792,117,578),(1793,117,580),(1791,117,597),(1796,117,598),(1797,117,599),(1798,117,600),(1799,117,601),(1800,117,602),(1801,117,603),(1802,117,604),(1803,117,605),(1846,118,214),(1845,118,274),(1847,118,341),(1848,118,342),(1850,118,563),(1851,118,564),(1852,118,565),(1853,118,566),(1854,118,567),(1855,118,568),(1841,118,606),(1842,118,607),(1843,118,608),(1844,118,609),(1849,118,610),(1863,119,344),(1864,119,345),(1865,119,348),(1869,120,240),(1871,120,303),(1866,120,611),(1867,120,612),(1868,120,613),(1870,120,614),(1872,120,615),(1873,120,616),(1874,120,617),(1879,121,312),(1876,121,323),(1878,121,616),(1875,121,618),(1877,121,619),(1880,121,620),(1914,122,94),(1910,122,98),(1911,122,224),(1909,122,262),(1916,122,431),(1917,122,432),(1915,122,441),(1912,122,621),(1913,122,622),(1944,123,623),(1953,124,53),(1949,124,224),(1952,124,248),(1955,124,253),(1946,124,254),(1950,124,256),(1947,124,261),(1945,124,319),(3468,124,420),(1956,124,623),(1948,124,624),(1951,124,625),(1954,124,626),(1957,124,627),(1960,125,224),(1958,125,623),(1959,125,626),(1970,126,53),(1961,126,248),(1962,126,254),(1966,126,256),(1963,126,261),(1967,126,264),(1969,126,304),(1965,126,624),(1968,126,625),(1964,126,628),(1980,127,53),(1977,127,248),(1982,127,253),(1973,127,254),(1974,127,261),(1971,127,319),(1983,127,623),(1976,127,625),(1981,127,626),(1972,127,629),(1975,127,630),(1978,127,631),(1979,127,632),(1984,127,633),(1985,128,623),(1986,128,633),(1997,129,310),(1998,129,311),(1996,129,634),(2003,130,635),(2004,130,636),(2005,130,637),(2006,130,638),(2007,131,639),(2008,131,640),(2009,132,641),(2010,132,642),(2011,132,643),(2012,132,644),(2013,132,645),(2014,132,646),(2015,132,647),(2016,133,639),(2017,133,640),(2021,134,343),(2022,134,576),(2023,134,577),(2024,135,337),(2025,135,339),(2026,135,341),(2027,135,342),(2028,135,343),(2029,135,344),(2030,135,345),(2031,135,348),(3477,136,300),(3478,136,459),(3476,136,561),(3480,137,215),(3481,137,304),(3479,137,683),(3482,137,684),(3483,138,685),(3485,139,28),(3484,139,323),(3486,139,332),(3489,140,245),(3488,140,246),(3487,140,269),(3490,140,270),(3491,141,686),(3500,142,423),(3501,142,424),(3499,142,451),(3498,142,687),(3502,143,382),(3503,143,578),(3505,143,580),(3504,143,688),(3522,144,689),(3528,145,594),(3529,145,595),(2034,145,650),(3566,146,592),(3530,146,596),(3565,146,693),(3531,147,463),(3532,147,464),(3533,147,465),(3545,148,290),(3546,148,388),(3542,148,574),(3539,148,612),(3544,148,616),(3541,148,619),(3540,148,690),(3543,148,691),(3549,149,342),(3548,149,574),(3547,149,692),(3562,150,596),(3563,151,693),(2033,152,649),(2035,153,651),(2040,154,655),(2041,155,656),(2042,155,657),(3570,156,674),(3568,156,675),(3567,156,694),(3569,156,695),(3571,156,696),(3572,156,697);

/*Table structure for table `nature` */

DROP TABLE IF EXISTS `nature`;

CREATE TABLE `nature` (
  `id` int(11) NOT NULL AUTO_INCREMENT,
  `name` varchar(20) DEFAULT NULL COMMENT '名称',
  PRIMARY KEY (`id`)
) ENGINE=InnoDB AUTO_INCREMENT=13 DEFAULT CHARSET=utf8;

/*Data for the table `nature` */

insert  into `nature`(`id`,`name`) values (1,'国有企业'),(2,'集体企业'),(3,'联营企业'),(4,'股份合作制企业'),(5,'私营企业'),(6,'个体户'),(7,'合伙企业'),(8,'有限责任公司'),(9,'股份有限公司'),(10,'政府机构'),(11,'党政机构'),(12,'其他组织');

/*Table structure for table `notices` */

DROP TABLE IF EXISTS `notices`;

CREATE TABLE `notices` (
  `id` int(11) NOT NULL AUTO_INCREMENT,
  `content` varchar(255) DEFAULT NULL COMMENT '内容',
  `create_time` datetime DEFAULT NULL COMMENT '发布时间',
  PRIMARY KEY (`id`)
) ENGINE=InnoDB AUTO_INCREMENT=5 DEFAULT CHARSET=utf8;

/*Data for the table `notices` */

insert  into `notices`(`id`,`content`,`create_time`) values (2,'蓝金领APP于2015年12月22日正式发布。作为一站式工作生活平台，从学校、企业和个人的角度解决了从学校到企业的过渡，通过平台的岗位优选、技术提升和社交圈层实现价值的最大化。','2015-12-22 11:17:29'),(3,'蓝金领APP-最快的蓝领求职平台，已可在360手机助手、百度手机助手、小米商店、豌豆荚、应用宝等各大应用商店进行下载了。','2015-12-29 09:31:15'),(4,'【小年科技】尊敬的蓝金领用户，平台将于2016年1月8日18：00－2016年1月9日6：00对服务器进行升级，同时对平台进行改版更新，为您带来的不便敬请谅解。蓝金领——最快的求职平台！','2016-01-08 16:55:46');

/*Table structure for table `old_level` */

DROP TABLE IF EXISTS `old_level`;

CREATE TABLE `old_level` (
  `id` int(11) NOT NULL AUTO_INCREMENT,
  `name` varchar(50) DEFAULT NULL,
  PRIMARY KEY (`id`)
) ENGINE=MyISAM AUTO_INCREMENT=4 DEFAULT CHARSET=utf8;

/*Data for the table `old_level` */

insert  into `old_level`(`id`,`name`) values (1,'9成新'),(2,'8成新'),(3,'5成新');

/*Table structure for table `persistent_logins` */

DROP TABLE IF EXISTS `persistent_logins`;

CREATE TABLE `persistent_logins` (
  `username` varchar(64) NOT NULL,
  `series` varchar(64) NOT NULL,
  `token` varchar(64) NOT NULL,
  `last_used` timestamp NOT NULL DEFAULT CURRENT_TIMESTAMP ON UPDATE CURRENT_TIMESTAMP,
  PRIMARY KEY (`series`)
) ENGINE=InnoDB DEFAULT CHARSET=utf8;

/*Data for the table `persistent_logins` */

/*Table structure for table `position` */

DROP TABLE IF EXISTS `position`;

CREATE TABLE `position` (
  `id` int(11) NOT NULL AUTO_INCREMENT,
  `major_id` int(11) DEFAULT NULL COMMENT '专业ID',
  `jobName` varchar(50) DEFAULT NULL COMMENT '职位名称',
  PRIMARY KEY (`id`),
  UNIQUE KEY `NewIndex1` (`jobName`)
) ENGINE=InnoDB AUTO_INCREMENT=698 DEFAULT CHARSET=utf8;

/*Data for the table `position` */

insert  into `position`(`id`,`major_id`,`jobName`) values (1,NULL,'Java'),(2,NULL,'C++'),(3,NULL,'PHP'),(4,NULL,'数据挖掘'),(5,NULL,'C'),(6,NULL,'C＃'),(7,NULL,'.NET'),(8,NULL,'Hadoop'),(9,NULL,'Python'),(10,NULL,'Delphi'),(11,NULL,'VB'),(12,NULL,'Perl'),(13,NULL,'Ruby'),(14,NULL,'Node.js'),(15,NULL,'搜索算法'),(16,NULL,'Golaang'),(17,NULL,'自然语言处理'),(18,NULL,'推荐算法'),(19,NULL,'HTML5'),(20,NULL,'Android'),(21,NULL,'IOS'),(22,NULL,'WP'),(23,NULL,'Web前端'),(24,NULL,'Flash'),(25,NULL,'JavaScript'),(26,NULL,'U3D'),(27,NULL,'COCOS2D'),(28,NULL,'测试工程师'),(29,NULL,'自动化测试'),(30,NULL,'功能测试'),(31,NULL,'性能测试'),(32,NULL,'测试开发'),(33,NULL,'移动端测试'),(34,NULL,'游戏测试'),(35,NULL,'硬件测试'),(36,NULL,'软件测试'),(37,NULL,'运维工程师'),(38,NULL,'运维开发工程师'),(39,NULL,'网络工程师'),(40,NULL,'系统工程师'),(41,NULL,'IT支持'),(42,NULL,'系统管理员'),(43,NULL,'网络安全'),(44,NULL,'系统安全'),(45,NULL,'MySQL'),(46,NULL,'SQLServer'),(47,NULL,'Oracle'),(48,NULL,'DB2'),(49,NULL,'MonggoDB'),(50,NULL,'ETLHive'),(51,NULL,'数据仓库'),(52,NULL,'数据开发'),(53,NULL,'项目经理'),(54,NULL,'项目主管'),(55,NULL,'项目助理'),(56,NULL,'项目专员'),(57,NULL,'实施顾问'),(58,NULL,'技术经理'),(59,NULL,'技术总监'),(60,NULL,'测试经理'),(61,NULL,'架构师'),(62,NULL,'CTO'),(63,NULL,'运维总监'),(64,NULL,'技术合伙人'),(65,NULL,'嵌入式'),(66,NULL,'自动化'),(67,NULL,'单片机'),(68,NULL,'电路设计'),(69,NULL,'驱动开发'),(70,NULL,'系统集成'),(71,NULL,'FPGA开发'),(72,NULL,'DSP开发'),(73,NULL,'ARM开发'),(74,NULL,'PCB工艺'),(75,NULL,'模具设计'),(76,NULL,'热传导'),(77,NULL,'材料工程师'),(78,NULL,'精益工程师'),(79,NULL,'射频工程师'),(80,NULL,'Flansh'),(81,NULL,'产品经理'),(82,NULL,'网页产品经理'),(83,NULL,'移动产品经理'),(84,NULL,'产品助理'),(85,NULL,'数据产品助理'),(86,NULL,'电商产品经理'),(87,NULL,'游戏策划'),(88,NULL,'网页产品设计师'),(89,NULL,'无线产品设计师'),(90,NULL,'产品部经理'),(91,NULL,'产品总监'),(92,NULL,'游戏制作人'),(93,NULL,'视觉设计师'),(94,NULL,'网页设计师'),(95,NULL,'Flash设计师'),(96,NULL,'APP设计师'),(97,NULL,'UI设计师'),(98,NULL,'平面设计师'),(99,NULL,'美术设计师2D'),(100,NULL,'美术设计师3D'),(101,NULL,'广告设计师'),(102,NULL,'多媒体设计师'),(103,NULL,'原画师'),(104,NULL,'游戏特效'),(105,NULL,'游戏界面设计师'),(106,NULL,'游戏场景'),(107,NULL,'游戏角色'),(108,NULL,'游戏动作'),(109,NULL,'交互设计师'),(110,NULL,'无线交互设计师'),(111,NULL,'网页交互设计师'),(112,NULL,'硬件交互设计师'),(113,NULL,'数据分析师'),(114,NULL,'用户研究员'),(115,NULL,'游戏数值策划'),(116,NULL,'UX设计师'),(117,NULL,'用户研究经理'),(118,NULL,'用户研究总监'),(119,NULL,'设计经理／主管'),(120,NULL,'设计总监'),(121,NULL,'视觉设计总监'),(122,NULL,'视觉设计经理'),(123,NULL,'交互设计经理／主管'),(124,NULL,'交互设计总监'),(125,NULL,'用户运营'),(126,NULL,'产品运营'),(127,NULL,'数据运营'),(128,NULL,'内容运营'),(129,NULL,'活动运营'),(130,NULL,'商家运营'),(131,NULL,'品类运营'),(132,NULL,'游戏运营'),(133,NULL,'网络推广'),(134,NULL,'网站运营'),(135,NULL,'新媒体运营'),(136,NULL,'社区运营'),(137,NULL,'微信运营'),(138,NULL,'微博运营'),(139,NULL,'策略运营'),(140,NULL,'线下拓展运营'),(141,NULL,'副主编'),(142,NULL,'内容编辑'),(143,NULL,'文案策划'),(144,NULL,'网站编辑'),(145,NULL,'记者'),(146,NULL,'采编'),(147,NULL,'售前咨询'),(148,NULL,'售后客服'),(149,NULL,'淘宝客服'),(150,NULL,'客服经理'),(151,NULL,'主编'),(152,NULL,'运营总监'),(153,NULL,'COO'),(154,NULL,'客服总监'),(155,NULL,'运营经理／主管'),(156,NULL,'市场营销'),(157,NULL,'市场策划'),(158,NULL,'市场顾问'),(159,NULL,'市场推广'),(160,NULL,'SEO'),(161,NULL,'SEM'),(162,NULL,'商务渠道'),(163,NULL,'商业数据分析'),(164,NULL,'活动策划'),(165,NULL,'网络营销'),(166,NULL,'海外市场'),(167,NULL,'政府关系'),(168,NULL,'媒介经理'),(169,NULL,'广告协调'),(170,NULL,'品牌公关'),(171,NULL,'媒介专员'),(172,NULL,'活动策划执行'),(173,NULL,'市场总监'),(174,NULL,'CMO'),(175,NULL,'公关总监'),(176,NULL,'人力资源'),(177,NULL,'招聘'),(178,NULL,'HRBP'),(179,NULL,'人事／HR'),(180,NULL,'培训经理'),(181,NULL,'薪资福利经理'),(182,NULL,'绩效考核经理'),(183,NULL,'助理'),(184,NULL,'前台'),(185,NULL,'行政'),(186,NULL,'总助'),(187,NULL,'文秘'),(188,NULL,'后勤'),(189,NULL,'会计'),(190,NULL,'出纳'),(191,NULL,'财务'),(192,NULL,'结算'),(193,NULL,'税务'),(194,NULL,'审计'),(195,NULL,'风控'),(196,NULL,'行政总监／经理'),(197,NULL,'财务总监／经理'),(198,NULL,'HRD／HRM'),(199,NULL,'CFO'),(200,NULL,'法务'),(201,NULL,'律师'),(202,NULL,'专利'),(203,NULL,'法律顾问'),(204,NULL,'法务专员'),(205,NULL,'法务经理／主管'),(206,NULL,'销售专员'),(207,NULL,'销售经理'),(208,NULL,'客户代表'),(209,NULL,'大客户代表'),(210,NULL,'BD经理'),(211,NULL,'渠道销售'),(212,NULL,'代理商销售'),(213,NULL,'销售助理'),(214,NULL,'电话销售'),(215,NULL,'销售顾问'),(216,NULL,'商品经理'),(217,NULL,'广告销售'),(218,NULL,'销售总监'),(219,NULL,'商务总监'),(221,NULL,'其他'),(222,NULL,'维修工程师'),(223,NULL,'设备工程师'),(224,NULL,'结构工程师'),(225,NULL,'机械设计师'),(226,NULL,'工艺工程师'),(227,NULL,'嵌入式硬件开发工程师'),(228,NULL,'轮胎结构工程师'),(229,NULL,'汽车整车、车身、底盘设计师'),(230,NULL,'电动车开发设计工程师'),(231,NULL,'柴油机维修工程师'),(232,NULL,'内燃机工程师'),(233,NULL,'柴油机设计工程师'),(234,NULL,'铸造·锻造工程师'),(235,NULL,'制造工程师'),(236,NULL,'夹具工程师'),(237,NULL,'涂装工艺师'),(238,NULL,'涂装设计师'),(239,NULL,'技术文档工程师'),(240,NULL,'司机'),(241,NULL,'咨询顾问（各类）'),(242,NULL,'二手车评估师'),(243,NULL,'仪器仪表工程师'),(244,NULL,'售前售后技术服务工程师'),(245,NULL,'售后客服专员（非技术）'),(246,NULL,'技术工程师'),(247,NULL,'电子工程师'),(248,NULL,'电气工程师'),(249,NULL,'大地测量技术员'),(250,NULL,'地图制图员'),(251,NULL,'地籍测绘员'),(252,NULL,'测定和测试技术员'),(253,NULL,'预算员'),(254,NULL,'土木·土建工程师'),(255,NULL,'室内装饰设计师'),(256,NULL,'建筑设计师'),(257,NULL,'机械工程师'),(258,NULL,'硅酸盐工程技术人员'),(259,NULL,'非金属矿及制品工程技术人员'),(260,NULL,'无机非金属新材料工程技术人员'),(261,NULL,'水利·水电工程师'),(262,NULL,'工艺品设计师'),(263,NULL,'室内装饰工程管理员'),(264,NULL,'机电工程师'),(265,NULL,'变压器与磁电工程师'),(266,NULL,'核力·火力工程师'),(267,NULL,'电气维修技术员'),(268,NULL,'调试工程师'),(269,NULL,'系统安全工程师'),(270,NULL,'电路工程师/技术员'),(271,NULL,'硬件工程师'),(272,NULL,'无线通信工程师'),(273,NULL,'通信技术工程师'),(274,NULL,'客户服务总监'),(275,NULL,'行政经理·行政主管·办公室主任'),(276,NULL,'传感器应用工程师'),(277,NULL,'用户通信终端维修员'),(278,NULL,'通信电力机务员'),(279,NULL,'市话测量员'),(280,NULL,'生物工程师'),(281,NULL,'化学检验员'),(282,NULL,'化学工程师'),(283,NULL,'细胞培养技术员'),(284,NULL,'发酵工程师'),(285,NULL,'微生物检验员'),(286,NULL,'水产品质量检验员'),(287,NULL,'市场专员/经理'),(288,NULL,'食品研发员'),(289,NULL,'品质经理·质量工程师'),(290,NULL,'采购经理·主管'),(291,NULL,'食品机械师'),(292,NULL,'产品认证工程师'),(293,NULL,'食品检验员'),(294,NULL,'食品检验主管'),(295,NULL,'生物医药工程设计师'),(296,NULL,'医药代表'),(297,NULL,'药物检验员'),(298,NULL,'暖通工程技术人员'),(299,NULL,'车间主任·工段长'),(300,NULL,'招商经理'),(301,NULL,'医药技术研发员'),(302,NULL,'药剂师'),(303,NULL,'销售经理·主管'),(304,NULL,'销售代表'),(305,NULL,'质量·品保·测试工程师'),(306,NULL,'造价工程师'),(307,NULL,'BAE辅助土建制图员'),(308,NULL,'钢结构设计技术人员'),(309,NULL,'建筑师（各类，如：船舶建筑师）'),(310,NULL,'建筑工程管理员'),(311,NULL,'采购员·助理'),(312,NULL,'采购工程师'),(313,NULL,'工业安全与健康工程师'),(314,NULL,'建筑工程定额员'),(315,NULL,'微生物污水处理工程师'),(316,NULL,'水处理技术工程师(hf091)'),(317,NULL,'环境工程技术员'),(318,NULL,'环保工程师'),(319,NULL,'给排水工程师'),(320,NULL,'工程测量员'),(321,NULL,'测量工程师'),(322,NULL,'测绘技术员'),(323,NULL,'软件工程师'),(324,NULL,'园林景观设计师'),(325,NULL,'软件测试工程师'),(326,NULL,'文档工程师'),(327,NULL,'计算机软件产品检验员'),(328,NULL,'数码产品开发工程师'),(329,NULL,'集成电路测试员'),(330,NULL,'系统管理员·网管'),(331,NULL,'硬件测试工程师'),(332,NULL,'技术支持·维护工程师'),(333,NULL,'系统集成工程师'),(334,NULL,'人力资源经理·主管'),(335,NULL,'总经理助理'),(336,NULL,'促销经理'),(337,NULL,'会计经理·会计主管'),(338,NULL,'收银员'),(339,NULL,'出纳员'),(340,NULL,'会计核算专员'),(341,NULL,'财务总监'),(342,NULL,'财务经理·主管'),(343,NULL,'财务会计出纳'),(344,NULL,'首席财务官CFO'),(345,NULL,'税务经理'),(346,NULL,'成本经理·成本主管'),(347,NULL,'簿记师'),(348,NULL,'税务专员'),(349,NULL,'财务分析师'),(350,NULL,'成本管理员·成本控制师'),(351,NULL,'结算员'),(352,NULL,'外贸经理·主管'),(353,NULL,'外贸专员·助理'),(354,NULL,'业务跟单员'),(355,NULL,'国内贸易专员·助理'),(356,NULL,'单证部经理'),(357,NULL,'银行业守规经理'),(358,NULL,'银行货币发行员'),(359,NULL,'银行国库业务人员'),(360,NULL,'银行存款部经理'),(361,NULL,'银行信贷部经理'),(362,NULL,'银行信贷员'),(363,NULL,'银行国外经理·业务人员'),(364,NULL,'银行信托经理·业务人员'),(365,NULL,'银行信用卡经理·业务人员'),(366,NULL,'银行票据业务人员'),(367,NULL,'利率管理人员'),(368,NULL,'外汇交易员'),(369,NULL,'外汇信贷管理员'),(370,NULL,'外汇贷款审查员'),(371,NULL,'银行柜员'),(372,NULL,'信用管理师'),(373,NULL,'资本运营经理'),(374,NULL,'融资项目经理'),(375,NULL,'外汇经纪人'),(376,NULL,'期货经纪人'),(377,NULL,'资金调度员'),(378,NULL,'银行外汇管理员'),(379,NULL,'董事长助理'),(380,NULL,'人事专员'),(381,NULL,'人事主管'),(382,NULL,'总经理·副总经理'),(383,NULL,'网站营运专员'),(384,NULL,'招生人员'),(385,NULL,'猎头顾问'),(386,NULL,'售前售后技术服务经理·主管'),(387,NULL,'电子商务师'),(388,NULL,'网店店长'),(389,NULL,'储备店长'),(390,NULL,'客服主管'),(391,NULL,'人力资源专员'),(392,NULL,'旅游计调员'),(393,NULL,'国内导游'),(394,NULL,'旅游外联员'),(395,NULL,'展览讲解员'),(396,NULL,'客房服务员'),(397,NULL,'行政助理'),(398,NULL,'保安'),(399,NULL,'文员'),(400,NULL,'置业顾问'),(401,NULL,'书法家'),(402,NULL,'房产经纪人'),(403,NULL,'培训师（各类）'),(404,NULL,'词作家'),(405,NULL,'总编·副总编'),(406,NULL,'诗人'),(407,NULL,'作家·撰稿人'),(408,NULL,'文学作家'),(409,NULL,'广播评论员'),(410,NULL,'电影电视导演·编导'),(411,NULL,'有线广播电视机线员'),(412,NULL,'广播电视编播工程技术人员'),(413,NULL,'广播电视传输覆盖工程技术人员'),(414,NULL,'电视主持人'),(415,NULL,'栏目策划'),(416,NULL,'文字编辑'),(417,NULL,'网络编辑'),(418,NULL,'创意文案·制作'),(419,NULL,'企管顾问'),(420,NULL,'策划师（各类）'),(421,NULL,'广告创意·设计·策划经理'),(422,NULL,'同声传译'),(423,NULL,'口译人员（各语种）'),(424,NULL,'笔译人员（各语种）'),(425,NULL,'商务经理·主管'),(426,NULL,'国内贸易经理·主管'),(427,NULL,'单证员'),(428,NULL,'法务人员'),(429,NULL,'律师助理'),(430,NULL,'法庭速记员'),(431,NULL,'室内装饰质量检验员'),(432,NULL,'家具设计师'),(433,NULL,'汽车外形及装饰设计师'),(434,NULL,'道具师'),(435,NULL,'舞台设计师'),(436,NULL,'美术·艺术指导'),(437,NULL,'淘宝美工'),(438,NULL,'美工'),(439,NULL,'计算机平面设计师'),(440,NULL,'动画设计师'),(441,NULL,'网页制作'),(442,NULL,'角色动画设计师'),(443,NULL,'游戏美术设计师'),(444,NULL,'画家'),(445,NULL,'人体彩绘师'),(446,NULL,'空间工程师'),(447,NULL,'现代工艺设计人员'),(448,NULL,'人物造型设计师'),(449,NULL,'手工艺家'),(450,NULL,'音乐指挥'),(451,NULL,'幼儿教师（各科）'),(452,NULL,'民族乐器演奏员'),(453,NULL,'茶艺师'),(454,NULL,'歌唱演员'),(455,NULL,'作曲家'),(456,NULL,'计算机乐谱制作师'),(457,NULL,'唱片员'),(458,NULL,'广播电视天线工'),(459,NULL,'广告创意·设计·策划主管'),(460,NULL,'电影电视演员'),(461,NULL,'曲艺演员'),(462,NULL,'杂技魔术演员'),(463,NULL,'教练员'),(464,NULL,'裁判员'),(465,NULL,'运动员'),(466,NULL,'小学教师（各科）'),(467,NULL,'体育经纪人'),(468,NULL,'演艺或体育经纪人'),(469,NULL,'中学教师（各科）'),(470,NULL,'心血管科医生'),(471,NULL,'内科医生'),(472,NULL,'急诊科医师'),(473,NULL,'护士长'),(474,NULL,'产品·品牌专员'),(475,NULL,'超声诊断科医师'),(476,NULL,'输（采供）血技师'),(477,NULL,'心电医师'),(478,NULL,'病理技师'),(479,NULL,'（西医）儿科医师'),(480,NULL,'骨科医生'),(481,NULL,'消化科医生'),(482,NULL,'肝胆科医生'),(483,NULL,'皮肤科医师'),(484,NULL,'性病科医师'),(485,NULL,'精神科医师'),(486,NULL,'呼吸科医生'),(487,NULL,'心理科医师'),(488,NULL,'传染病科医师'),(489,NULL,'内窥镜医生'),(490,NULL,'核医学医师'),(491,NULL,'肿瘤科医师'),(492,NULL,'泌尿科医生'),(493,NULL,'肛肠科医师'),(494,NULL,'输（采供）血医师'),(495,NULL,'流行病学医师'),(496,NULL,'放射卫生医师'),(497,NULL,'不孕不育科医生'),(498,NULL,'职业病医师'),(499,NULL,'劳动（职业）卫生医师'),(500,NULL,'生化免疫检测员'),(501,NULL,'分析检验工程师'),(502,NULL,'院长·副院长'),(503,NULL,'医务部主任'),(504,NULL,'临床研究员'),(505,NULL,'各科室主任·副主任'),(506,NULL,'医疗救护员'),(507,NULL,'客户咨询热线·呼叫中心人员'),(508,NULL,'手术室护士'),(509,NULL,'美容师'),(510,NULL,'病房护士'),(511,NULL,'护理部主任'),(512,NULL,'各科室导医'),(513,NULL,'急诊护士'),(514,NULL,'护理师'),(515,NULL,'门诊护士'),(516,NULL,'供应室护士'),(517,NULL,'助产士'),(518,NULL,'中药制剂员'),(519,NULL,'中药材种植员'),(520,NULL,'麻醉技师'),(521,NULL,'口腔医生'),(522,NULL,'放射科医师'),(523,NULL,'课程设计开发专员'),(524,NULL,'招聘专员助理'),(525,NULL,'售后客服经理·主管（非技术）'),(526,NULL,'化工工程师'),(527,NULL,'美术编辑'),(528,NULL,'外国乐器演奏员'),(529,NULL,'艺术评论员'),(530,NULL,'幼儿园院长'),(531,NULL,'特殊教育教师（幼儿）（各科）'),(532,NULL,'特殊教育教师（小学）（各科）'),(533,NULL,'特殊教育教师（初中）（各科）'),(534,NULL,'特殊教育教师（高中）（各科）'),(535,NULL,'有机合成研究员'),(536,NULL,'药物合成研究员'),(537,NULL,'区域学术推广专员'),(538,NULL,'医药销售代表'),(539,NULL,'医院代表'),(540,NULL,'药检所检验员'),(541,NULL,'医药研发人员'),(542,NULL,'品质化验员'),(543,NULL,'分析师课题试制员'),(544,NULL,'药品质量管理员'),(545,NULL,'临床医师'),(546,NULL,'研究所实验员'),(547,NULL,'印前制作员'),(548,NULL,'音乐评论员'),(549,NULL,'调律师'),(550,NULL,'曲艺作家'),(551,NULL,'音效师'),(552,NULL,'配音师'),(553,NULL,'游戏设计与开发员'),(554,NULL,'舞蹈编导'),(555,NULL,'舞蹈演员'),(556,NULL,'皮影戏木偶戏作家'),(557,NULL,'戏剧人员'),(558,NULL,'戏剧演员'),(559,NULL,'皮影戏演员'),(560,NULL,'物业管理师'),(561,NULL,'楼面经理'),(562,NULL,'物业顾问'),(563,NULL,'证券交易员'),(564,NULL,'证券投资顾问'),(565,NULL,'证券交易部门经理'),(566,NULL,'证券分析师'),(567,NULL,'证券经纪人'),(568,NULL,'基金经理'),(569,NULL,'商务专员助理'),(570,NULL,'业务经理'),(571,NULL,'理财顾问'),(572,NULL,'资产评估师'),(573,NULL,'风险管理师'),(574,NULL,'店长卖场经理'),(575,NULL,'旧货估价员'),(576,NULL,'审计专员'),(577,NULL,'审计经理/主管'),(578,NULL,'秘书·文员'),(579,NULL,'企业文化师'),(580,NULL,'行政专员·助理'),(581,NULL,'教师'),(582,NULL,'多媒体开发工程师'),(583,NULL,'游戏开发工程师'),(584,NULL,'培训专员助理'),(585,NULL,'艺术·设计总监'),(586,NULL,'智能布线工程师'),(587,NULL,'智能楼宇管理师（现代建筑智能化设施人员）'),(588,NULL,'房屋评估师'),(589,NULL,'园林工程师'),(590,NULL,'古玩鉴定师'),(591,NULL,'鉴定估价师'),(592,NULL,'航空产品装配与调试员'),(593,NULL,'飞机机械员'),(594,NULL,'飞行领航员'),(595,NULL,'航空乘务员'),(596,NULL,'航空运输地面服务人员'),(597,NULL,'人力资源总监'),(598,NULL,'行政总监'),(599,NULL,'人力资源助理'),(600,NULL,'薪酬福利经理主管'),(601,NULL,'薪酬福利专员助理'),(602,NULL,'绩效考核经理主管'),(603,NULL,'绩效考核专员助理'),(604,NULL,'员工关系经理主管'),(605,NULL,'员工关系专员助理'),(606,NULL,'个人综合理财顾问'),(607,NULL,'投资经理'),(608,NULL,'投资分析师'),(609,NULL,'融资专员/经理'),(610,NULL,'证券发行员'),(611,NULL,'物流管理师'),(612,NULL,'物流专员·助理'),(613,NULL,'调度员'),(614,NULL,'环评工程师'),(615,NULL,'车辆维护工程师'),(616,NULL,'仓库保管员'),(617,NULL,'运输经理·主管'),(618,NULL,'物流师'),(619,NULL,'宾馆·酒店·饭店经理'),(620,NULL,'工业工程师'),(621,NULL,'工业造型设计师'),(622,NULL,'产品工艺工程师'),(623,NULL,'施工员'),(624,NULL,'暖通工程师'),(625,NULL,'工程部经理'),(626,NULL,'资料员'),(627,NULL,'安全员'),(628,NULL,'弱电工程师'),(629,NULL,'给排水设计师'),(630,NULL,'市政工程师'),(631,NULL,'安装工程师'),(632,NULL,'总工程师'),(633,NULL,'技术员'),(634,NULL,'工程监理'),(635,NULL,'站务员'),(636,NULL,'票务员'),(637,NULL,'值班员'),(638,NULL,'值班站长'),(639,NULL,'运输企业车辆调度员'),(640,NULL,'物流企业运输管理'),(641,NULL,'车辆钳工技师'),(642,NULL,'车辆电工技师'),(643,NULL,'连结员'),(644,NULL,'检车员'),(645,NULL,'制动员'),(646,NULL,'车辆维修技师'),(647,NULL,'车辆机械师'),(648,NULL,'成都市'),(649,NULL,'民用航空器空中保卫'),(650,NULL,'空中乘务员'),(651,NULL,'民航安检员'),(652,NULL,'话务员'),(653,NULL,'贵宾接待'),(654,NULL,'值机员'),(655,NULL,'飞机维修师'),(656,NULL,'国际货运销售代理人'),(657,NULL,'报关员'),(658,NULL,'会计电算化'),(659,NULL,'财务管理'),(660,NULL,'工程造价'),(661,NULL,'建筑工程技术'),(662,NULL,'物业管理'),(663,NULL,'房地产经营与估价'),(664,NULL,'汽车技术服务与营销'),(665,NULL,'汽车运用与维修'),(666,NULL,'软件技术'),(667,NULL,'电子信息工程技术'),(668,NULL,'计算机应用技术'),(669,NULL,'商务英语'),(670,NULL,'应用英语（幼儿英语方向）'),(671,NULL,'旅游管理'),(672,NULL,'酒店管理'),(673,NULL,'烹饪工艺与营养'),(674,NULL,'航空服务'),(675,NULL,'空中乘务'),(676,NULL,'民航商务'),(677,NULL,'体育服务与管理'),(678,NULL,'工商管理'),(679,NULL,'物流'),(680,NULL,'连锁经营管理'),(681,NULL,'空港服务'),(682,NULL,'航空安检'),(683,NULL,'销售主管'),(684,NULL,'客服专员'),(685,NULL,'服务顾问'),(686,NULL,'互联网软件开发工程师'),(687,NULL,'外贸业务员'),(688,NULL,'前台·总机·接待员'),(689,NULL,'营养配餐员'),(690,NULL,'物流经理·主管'),(691,NULL,'仓库经理·主管'),(692,NULL,'电影电视片发行人'),(693,NULL,'航空公司安检员'),(694,NULL,'民航空中安全保卫'),(695,NULL,'民航安全技术管理'),(696,NULL,'航空机电设备维修'),(697,NULL,'航空物流');

/*Table structure for table `posts` */

DROP TABLE IF EXISTS `posts`;

CREATE TABLE `posts` (
  `id` int(11) NOT NULL AUTO_INCREMENT,
  `posterId` int(11) DEFAULT NULL,
  `state` int(11) DEFAULT NULL,
  `tagsMain` varchar(255) DEFAULT NULL,
  `tagsSub` varchar(255) DEFAULT NULL,
  `price` float DEFAULT '0' COMMENT '价格；跳蚤市场独有',
  `tagsMajor` varchar(255) DEFAULT NULL,
  `tagsCareer` varchar(255) DEFAULT NULL,
  `tagsArea` varchar(255) DEFAULT NULL,
  `title` varchar(255) DEFAULT NULL,
  `previewUrl` varchar(255) DEFAULT NULL,
  `content` varchar(8000) DEFAULT NULL,
  `postDate` datetime DEFAULT NULL,
  `updateDate` datetime DEFAULT NULL,
  `upCnt` int(11) DEFAULT '0',
  `downCnt` int(11) DEFAULT '0',
  `replyCnt` int(11) DEFAULT '0',
  `tagsMain_id` int(11) DEFAULT NULL COMMENT '主标签id',
  `old_level` varchar(20) DEFAULT NULL COMMENT '新旧程度',
  `delete` int(11) DEFAULT '0',
  `del_time` datetime DEFAULT NULL,
  PRIMARY KEY (`id`)
) ENGINE=InnoDB AUTO_INCREMENT=122 DEFAULT CHARSET=utf8;

/*Data for the table `posts` */

insert  into `posts`(`id`,`posterId`,`state`,`tagsMain`,`tagsSub`,`price`,`tagsMajor`,`tagsCareer`,`tagsArea`,`title`,`previewUrl`,`content`,`postDate`,`updateDate`,`upCnt`,`downCnt`,`replyCnt`,`tagsMain_id`,`old_level`,`delete`,`del_time`) values (1,27,NULL,NULL,NULL,0,NULL,NULL,NULL,'蓝金领APP发布','On/ub/1450686479359.jpg','蓝领一站式工作交友平台蓝金领APP正式发布，属于我们自己的圈子终于诞生了。','2015-12-21 16:28:01',NULL,3,28,4,NULL,NULL,0,NULL),(2,26,NULL,NULL,NULL,0,NULL,NULL,NULL,'蓝金领第一贴\'求赞','cw/jO/1450689120125.jpg','沙发\'嘿嘿','2015-12-21 17:12:34',NULL,2,10,3,NULL,NULL,0,NULL),(3,4,NULL,NULL,NULL,0,NULL,NULL,NULL,'注册有礼','Qe/iL/1450690293064.png','搞快搞快，手慢必后悔！','2015-12-21 17:32:04',NULL,3,238,12,NULL,NULL,0,NULL),(4,27,NULL,NULL,NULL,0,NULL,NULL,NULL,'想成名猛戳之','7M/aU/1450690362016.png','想一夜成名？不用脱裤！','2015-12-21 17:32:52',NULL,1,11,1,NULL,NULL,1,'2015-12-21 20:17:41'),(5,27,NULL,NULL,NULL,0,NULL,NULL,NULL,'猛戳关注','up/WP/1450690625930.jpg','猛戳这里关注蓝金领微信公众号，有你想要哦！','2015-12-21 17:37:09',NULL,1,6,1,NULL,NULL,1,'2015-12-21 17:55:59'),(6,27,NULL,NULL,NULL,0,NULL,NULL,NULL,'主页！主页！主页！','2H/6l/1450691723148.png','http://121.43.121.176/\n这是蓝金领测试版主页，可扫码登陆，正式版马上呈现！','2015-12-21 17:55:30',NULL,1,2,0,NULL,NULL,1,'2015-12-21 17:56:11'),(7,27,NULL,NULL,NULL,0,NULL,NULL,NULL,'明星就是你','Ow/Td/1450700347125.png','想成为明星？想一夜成名？不用脱裤也可以','2015-12-21 20:19:20',NULL,2,11,3,NULL,NULL,0,NULL),(8,27,NULL,NULL,NULL,0,NULL,NULL,NULL,'从来','pE/it/1450700523064.jpg','就是这样','2015-12-21 20:22:05',NULL,2,13,3,NULL,NULL,0,NULL),(9,27,NULL,NULL,NULL,0,NULL,NULL,NULL,'加班','Yh/E3/1450700553570.jpg','加班','2015-12-21 20:22:37',NULL,0,4,0,NULL,NULL,1,'2015-12-21 21:00:03'),(10,28,NULL,NULL,NULL,0,NULL,NULL,NULL,'一个人的晚餐','aH/Ad/1450701942962.jpg','加班的下场？','2015-12-21 20:46:28',NULL,2,20,5,NULL,NULL,0,NULL),(11,27,NULL,NULL,NULL,0,NULL,NULL,NULL,'加班','Jq/Tp/1450702039245.jpg','加班','2015-12-21 20:48:22',NULL,0,2,0,NULL,NULL,1,'2015-12-21 20:59:58'),(12,27,NULL,NULL,NULL,0,NULL,NULL,NULL,'测试','Oi/Qg/1450702233176.jpg','测试','2015-12-21 20:52:24',NULL,0,2,0,NULL,NULL,1,'2015-12-21 20:59:56'),(13,27,NULL,NULL,NULL,0,NULL,NULL,NULL,'苦逼的人','zH/xm/1450704939726.jpg','现在还在加班的人不是苦逼是啥？','2015-12-21 21:35:43',NULL,2,11,2,NULL,NULL,0,NULL),(14,27,NULL,NULL,NULL,0,NULL,NULL,NULL,'笑屎人来了','qH/M0/1450708403773.png','加班突然看到弹出窗口，笑喷！','2015-12-21 22:33:49',NULL,2,11,4,NULL,NULL,0,NULL),(15,27,NULL,NULL,NULL,0,NULL,NULL,NULL,'早安','yD/5c/1450748017593.jpg','起晚了，说是大雾，发现太阳这么好！','2015-12-22 09:33:40',NULL,2,6,3,NULL,NULL,0,NULL),(16,55,NULL,NULL,NULL,0,NULL,NULL,NULL,'今天天气好好','P6/Yp/1450748477955.jpg','品茶，观人生','2015-12-22 09:41:50',NULL,2,11,5,NULL,NULL,0,NULL),(17,28,NULL,NULL,NULL,0,NULL,NULL,NULL,'办公室','GZ/r5/1450758991973.jpg','阳光撒进来，配合大空调，貌似有点热！还算整洁哈。','2015-12-22 12:51:20',NULL,1,10,4,NULL,NULL,0,NULL),(18,64,NULL,NULL,NULL,0,NULL,NULL,NULL,'成都冬日阳光','Nk/ma/1450761572561.jpg','枫叶飘落，冬日暖阳，适合喝茶、逛街、搭讪、麻将、约会！\n既然这么好的天，约吗？','2015-12-22 13:19:38',NULL,2,7,3,NULL,NULL,0,NULL),(19,27,NULL,NULL,NULL,0,NULL,NULL,NULL,'注册有礼，手慢必悔','ig/3S/1450766907798.png','注册蓝金领即有礼品送哦','2015-12-22 14:48:40',NULL,1,4,0,NULL,NULL,0,NULL),(20,27,NULL,NULL,NULL,0,NULL,NULL,NULL,'想成明星戳这里','EZ/ho/1450766976008.png','想一夜成名？不需要脱裤也可以！','2015-12-22 14:49:45',NULL,2,7,4,NULL,NULL,0,NULL),(21,27,NULL,NULL,NULL,0,NULL,NULL,NULL,'我们学校','qc/F7/1450835724136.jpg','我们学校漂亮吗？','2015-12-23 09:55:25',NULL,2,12,5,NULL,NULL,0,NULL),(22,64,NULL,NULL,NULL,0,NULL,NULL,NULL,'红冬','NH/bP/1450836457913.jpg','九寨、米亚诺、红原。。。。。。哪里去看红叶？','2015-12-23 10:09:11',NULL,2,9,4,NULL,NULL,0,NULL),(23,25,NULL,NULL,NULL,0,NULL,NULL,NULL,'AKB48','E2/n1/1450836644418.jpg','AKB48才是最爱。','2015-12-23 10:10:49',NULL,1,10,5,NULL,NULL,0,NULL),(24,64,NULL,NULL,NULL,0,NULL,NULL,NULL,'野钓','f7/RZ/1450836883735.jpg','新津河边钓野生鱼，可烧烤，骑马。。。。。。场地宽敞，有兴趣的走起，也可联系我！','2015-12-23 10:17:46',NULL,1,10,5,NULL,NULL,0,NULL),(25,28,NULL,NULL,NULL,0,NULL,NULL,NULL,'参加省就业局会议','7D/Mb/1450837166031.jpg','公司致力于解决技术类人员就业及交流信息，得到就业局及相关部门的支持和指导！','2015-12-23 10:22:27',NULL,1,12,5,NULL,NULL,0,NULL),(26,28,NULL,NULL,NULL,0,NULL,NULL,NULL,'公司活动','ZB/w0/1450837392123.jpg','常总代表蓝金领参加项目路演活动，并在现场获得机构投资意向书第三名的佳绩！','2015-12-23 10:29:34',NULL,3,16,6,NULL,NULL,0,NULL),(27,55,NULL,NULL,NULL,0,NULL,NULL,NULL,'凡事当有度，做人应知足','YC/4q/1450839788831.jpg','凡事当有度，做人应知足。\n生活没有绝望，只有想不通，\n人生没有尽头，只有看不透。\n快乐是心的愉悦，幸福是心的满足，\n不和别人比较，不和自己计较，\n人生不是一场物质的盛宴，而是一次灵魂的洗涤。','2015-12-23 11:04:18',NULL,1,6,3,NULL,NULL,0,NULL),(28,55,NULL,NULL,NULL,0,NULL,NULL,NULL,'活出自我','pn/xf/1450848633984.jpg','当我们一味的将心思投入于别人身上时，我们给自己提升的空间和可能也就会越来越小。因此，倘若这种状态不能及时懂得调整，那么终有一日，我们会自食其恶果。\n\n同时，一味的讨好别人，是一种扭曲、畸形、持久的心理疾病！“讨好是内在无价值感的外在投射”，但不完全认可对于讨好的全盘否定，事实上，善于“讨好”别人，从另一方面反应出您的情商有过人之处，但，别让“讨好”的本质真正落脚在无价值感上。\n\n别人嘴里的你，不是真实的你，\n\n一样的眼睛，不一样的看法。\n\n一样的嘴巴，不一样的说法。\n\n一样的心，不一样的想法。\n\n一样的钱，不一样的花法。\n\n一样的人们，不一样的活法!\n\n人生的路，要活出自我，活出自信','2015-12-23 13:30:35',NULL,1,6,4,NULL,NULL,0,NULL),(29,55,NULL,NULL,NULL,0,NULL,NULL,NULL,'姐品的不是菜，是一种清净心','z2/7e/1450848710507.jpg','素食，素心，清新悦意。约或不约？','2015-12-23 13:34:21',NULL,3,14,4,NULL,NULL,0,NULL),(30,27,NULL,NULL,NULL,0,NULL,NULL,NULL,'你妹儿',NULL,'妹妹：“哥，我是你亲妹妹吗?”\n二货：“是啊！怎么了?”\n妹妹：“那你给我买个plus！”\n二货：“什么，你刚才说什么?”\n妹妹：“你给我买个plus!”\n二货：“不是。上一句。”\n妹妹：“我是你亲妹妹吗?”\n二货：“你不知道，当年咱爸妈把你捡回来的时候，雪下的多大！”','2015-12-23 14:13:21',NULL,1,11,3,NULL,NULL,0,NULL),(31,27,NULL,NULL,NULL,0,NULL,NULL,NULL,'世界毁灭……',NULL,'今天看到孩子们发的这段也是醉了：“雾霾→放假→留很多作业→ 用很多纸张→森林被大面积砍伐→雾霾加剧→放更多的假→留更多作业→️用更多张纸→️森林被大面积砍伐→️雾霾又加重→️放假→️人类被假期作业泪崩→环境破坏→人类灭亡→️地球炸了→世界毁灭“。','2015-12-23 14:14:47',NULL,1,7,3,NULL,NULL,0,NULL),(32,26,NULL,NULL,NULL,0,NULL,NULL,NULL,'炒鸡好吃的牛筋面','1H/oo/1450877224360.jpg','夜里拉仇恨，饿了的看过来!','2015-12-23 21:28:13',NULL,2,19,6,NULL,NULL,0,NULL),(33,100,NULL,NULL,NULL,0,NULL,NULL,NULL,'终于买了一套盗墓笔记全集，慢慢看吧','uv/OE/1450877365299.jpg','终于买了一套全集，慢慢看吧','2015-12-23 21:30:22',NULL,2,19,7,NULL,NULL,0,NULL),(34,26,NULL,NULL,NULL,0,NULL,NULL,NULL,'美美美','cN/2l/1450881025827.jpg','喜欢就点赞喲','2015-12-23 22:31:16',NULL,3,10,3,NULL,NULL,0,NULL),(35,26,NULL,NULL,NULL,0,NULL,NULL,NULL,'两点的秘密','Ox/gZ/1450881409492.jpg','笑尿','2015-12-23 22:36:54',NULL,2,14,4,NULL,NULL,0,NULL),(36,26,NULL,NULL,NULL,0,NULL,NULL,NULL,'性感','am/Sb/1450881923835.jpg','这屌炸天的胡子...','2015-12-23 22:46:15',NULL,2,9,5,NULL,NULL,0,NULL),(37,27,NULL,NULL,NULL,0,NULL,NULL,NULL,'猜猜猜','lz/L8/1450919558411.jpg','猜猜这是哪里？','2015-12-24 09:12:42',NULL,1,8,6,NULL,NULL,0,NULL),(38,100,NULL,NULL,NULL,0,NULL,NULL,NULL,'办公桌水果真齐全','FG/cJ/1450920824169.jpg','办公桌水果真齐全','2015-12-24 09:34:17',NULL,2,12,6,NULL,NULL,0,NULL),(39,55,NULL,NULL,NULL,0,NULL,NULL,NULL,'掐指一算的悲哀','Ej/kO/1450942526403.jpg','今天情况如下：','2015-12-24 15:35:49',NULL,1,11,3,NULL,NULL,0,NULL),(40,27,NULL,NULL,NULL,0,NULL,NULL,NULL,'新表情包','aO/rn/1450944153678.jpg','动物世界里的表情包，好乖！','2015-12-24 16:03:12',NULL,2,8,4,NULL,NULL,0,NULL),(41,19,NULL,NULL,NULL,0,NULL,NULL,NULL,'礼仪','4W/Jp/1450947270126.jpg','青花瓷','2015-12-24 16:54:44',NULL,2,19,4,NULL,NULL,0,NULL),(42,27,NULL,NULL,NULL,0,NULL,NULL,NULL,'下班','Ud/YK/1450951661687.jpg','跑了一天，终于要回家过节了','2015-12-24 18:07:43',NULL,2,5,3,NULL,NULL,0,NULL),(43,26,NULL,NULL,NULL,0,NULL,NULL,NULL,'女生XX时最美','6n/It/1450952535010.jpg','有图有真相','2015-12-24 18:23:59',NULL,1,5,3,NULL,NULL,0,NULL),(44,100,NULL,NULL,NULL,0,NULL,NULL,NULL,'很暖心的物业','8P/yJ/1450961021193.jpg','很暖心的物业','2015-12-24 20:44:59',NULL,3,12,3,NULL,NULL,0,NULL),(45,55,NULL,NULL,NULL,0,NULL,NULL,NULL,'圣诞快乐！','F1/KA/1450964017001.jpg','丰盛的晚餐','2015-12-24 21:34:15',NULL,1,10,3,NULL,NULL,0,NULL),(46,27,NULL,NULL,NULL,0,NULL,NULL,NULL,'碰到这样的队友','zf/em/1451006840142.jpg','真是日了狗了','2015-12-25 09:27:24',NULL,1,11,3,NULL,NULL,0,NULL),(47,27,NULL,NULL,NULL,0,NULL,NULL,NULL,'下午茶','Bm/7p/1451027787974.jpg','天气巴士，不适合上课！','2015-12-25 15:16:30',NULL,1,6,3,NULL,NULL,0,NULL),(48,27,NULL,NULL,NULL,0,NULL,NULL,NULL,'成大37','zt/Tj/1451095056511.jpg','美女，美景，美学院','2015-12-26 09:57:52',NULL,1,9,3,NULL,NULL,0,NULL),(49,27,NULL,NULL,NULL,0,NULL,NULL,NULL,'人工降雪，美丽校园','fd/49/1451095300198.jpg','西南航空职业学院','2015-12-26 10:02:21',NULL,2,8,3,NULL,NULL,0,NULL),(50,25,NULL,NULL,NULL,0,NULL,NULL,NULL,'今天适合晒太阳','aT/0a/1451101293200.jpg','难得见到的周末天气','2015-12-26 11:41:35',NULL,1,4,1,NULL,NULL,0,NULL),(51,100,NULL,NULL,NULL,0,NULL,NULL,NULL,'魔兽世界成都首站巡展','sl/JJ/1451136832186.jpg','魔兽世界成都首站巡展','2015-12-26 21:35:14',NULL,2,13,4,NULL,NULL,0,NULL),(52,26,NULL,NULL,NULL,0,NULL,NULL,NULL,'求赞','WI/pj/1451181998719.jpg','精致马桶','2015-12-27 10:07:42',NULL,1,8,3,NULL,NULL,0,NULL),(53,28,NULL,NULL,NULL,0,NULL,NULL,NULL,'阳光撒在书上','e7/EH/1451184625449.jpg','在阴冷的成都，难得出现这么好的太阳，看看书也是享受！','2015-12-27 10:54:09',NULL,2,4,1,NULL,NULL,0,NULL),(54,27,NULL,NULL,NULL,0,NULL,NULL,NULL,'成都一大骗子开发商','sl/bU/1451198723090.jpg','成都中铁瑞城大厦有限公司阴谋骗取广大百姓辛苦钱，无良开发商毫无诚信！','2015-12-27 14:45:43',NULL,1,8,3,NULL,NULL,0,NULL),(55,27,NULL,NULL,NULL,0,NULL,NULL,NULL,'装逼神器','qa/iZ/1451206871143.jpg','就是它，主要靠看字！','2015-12-27 17:01:31',NULL,1,7,1,NULL,NULL,0,NULL),(56,100,NULL,NULL,NULL,0,NULL,NULL,NULL,'圣诞快乐','Ta/RZ/1451288508281.jpg','圣诞','2015-12-28 15:41:57',NULL,3,9,3,NULL,NULL,0,NULL),(57,27,NULL,NULL,NULL,0,NULL,NULL,NULL,'迷宫','2d/5e/1451294456756.jpg','看似简单的事情，真正做下去却不易，何如何从，自己决定！','2015-12-28 17:21:47',NULL,1,7,1,NULL,NULL,0,NULL),(58,19,NULL,NULL,NULL,0,NULL,NULL,NULL,'我就看看能不能赞',NULL,'赞一个','2015-12-28 17:37:14',NULL,1,2,0,NULL,NULL,1,'2015-12-28 17:37:31'),(59,19,NULL,NULL,NULL,0,NULL,NULL,NULL,'看看赞',NULL,'赞一个','2015-12-28 17:38:30',NULL,1,2,0,NULL,NULL,1,'2015-12-28 17:38:43'),(60,19,NULL,NULL,NULL,0,NULL,NULL,NULL,'大大方方的',NULL,'当然方法','2015-12-28 17:40:06',NULL,0,1,0,NULL,NULL,1,'2015-12-28 17:40:10'),(61,19,NULL,NULL,NULL,0,NULL,NULL,NULL,'以后还会',NULL,'多喝点回电话','2015-12-28 17:40:25',NULL,1,1,0,NULL,NULL,1,'2015-12-28 17:40:32'),(62,19,NULL,NULL,NULL,0,NULL,NULL,NULL,'发个呵呵',NULL,'天天突然','2015-12-28 17:41:14',NULL,0,1,1,NULL,NULL,1,'2015-12-28 17:41:23'),(63,19,NULL,NULL,NULL,0,NULL,NULL,NULL,'干活哈哈',NULL,'发个滚滚滚','2015-12-28 17:41:37',NULL,1,2,0,NULL,NULL,1,'2015-12-28 17:41:46'),(64,19,NULL,NULL,NULL,0,NULL,NULL,NULL,'晕晕乎乎',NULL,'坛坛罐罐','2015-12-28 17:42:32',NULL,1,1,0,NULL,NULL,1,'2015-12-28 17:42:38'),(65,19,NULL,NULL,NULL,0,NULL,NULL,NULL,'发个刚刚',NULL,'规范化查积分','2015-12-28 17:48:14',NULL,1,1,0,NULL,NULL,1,'2015-12-28 17:48:22'),(66,19,NULL,NULL,NULL,0,NULL,NULL,NULL,'干活哈哈',NULL,'刚刚滚滚滚','2015-12-28 17:49:18',NULL,1,1,0,NULL,NULL,1,'2015-12-28 17:49:28'),(67,19,NULL,NULL,NULL,0,NULL,NULL,NULL,'新的',NULL,'回家姐姐','2015-12-28 17:57:40',NULL,0,1,0,NULL,NULL,1,'2015-12-28 17:57:43'),(68,19,NULL,NULL,NULL,0,NULL,NULL,NULL,'哈哈哈哈',NULL,'好好的就到家','2015-12-28 18:07:32',NULL,0,1,0,NULL,NULL,1,'2015-12-28 18:07:38'),(69,19,NULL,NULL,NULL,0,NULL,NULL,NULL,'接电话的不喜欢的话',NULL,'不行不','2015-12-28 18:09:20',NULL,1,1,0,NULL,NULL,1,'2015-12-28 18:09:29'),(70,19,NULL,NULL,NULL,0,NULL,NULL,NULL,'干活哈哈',NULL,'发个刚刚','2015-12-28 18:11:12',NULL,0,1,0,NULL,NULL,1,'2015-12-28 18:11:16'),(71,19,NULL,NULL,NULL,0,NULL,NULL,NULL,'干活哈哈',NULL,'头发发个','2015-12-28 18:12:18',NULL,0,1,0,NULL,NULL,1,'2015-12-28 18:12:22'),(72,19,NULL,NULL,NULL,0,NULL,NULL,NULL,'发个刚刚',NULL,'坛坛罐罐','2015-12-28 18:14:48',NULL,0,1,0,NULL,NULL,1,'2015-12-28 18:14:51'),(73,27,NULL,NULL,NULL,0,NULL,NULL,NULL,'2015年十大言论','Zu/Ij/1451351431499.jpg','1.马云说，远离雾霾，我想回外星\n2.海清说，我是南京人，拒绝代言日货\n3.她说，饭做好去喊妈妈吃饭，妈妈却死了\n……','2015-12-29 09:13:38',NULL,1,6,1,NULL,NULL,0,NULL),(74,27,NULL,NULL,NULL,0,NULL,NULL,NULL,'转发','If/c1/1451353418505.jpg','还有三天就能逃离本命年的魔爪了，都说本命年不好，起先不相信，现在不得不信，短短一年的时间发生了这么多事，还好心态好，要不然，真的不知道该怎么去面对生活了，期待2016，不求过的有多好，只求稍微能顺心一些。','2015-12-29 09:43:49',NULL,1,11,2,NULL,NULL,0,NULL),(75,27,NULL,NULL,NULL,0,NULL,NULL,NULL,'高冷女神','tl/Tw/1451353506381.jpg','高冷？寒冷？蛮可爱的嘛','2015-12-29 09:45:10',NULL,2,14,1,NULL,NULL,0,NULL),(76,26,NULL,NULL,NULL,0,NULL,NULL,NULL,'丰盛','do/36/1451353965154.jpg','管饱','2015-12-29 09:52:59',NULL,3,15,3,NULL,NULL,0,NULL),(77,27,NULL,NULL,NULL,0,NULL,NULL,NULL,'知名脱单狗','cs/fp/1451353995115.JPG','知名脱单狗','2015-12-29 09:53:16',NULL,3,25,1,NULL,NULL,0,NULL),(78,27,NULL,NULL,NULL,0,NULL,NULL,NULL,'雾霾的力量，可以笼罩世界','Rt/bE/1451475446848.jpg','世界就此消失在眼前了','2015-12-30 19:37:39',NULL,2,6,2,NULL,NULL,0,NULL),(79,26,NULL,NULL,NULL,0,NULL,NULL,NULL,'2015最后一天','yq/00/1451530909696.jpg','迫不及待的想要过节了...','2015-12-31 11:01:51',NULL,3,9,3,NULL,NULL,0,NULL),(80,44,NULL,NULL,NULL,0,NULL,NULL,NULL,'上班','Q6/5V/1451550292596.jpg','还是上班','2015-12-31 16:24:57',NULL,1,7,2,NULL,NULL,0,NULL),(81,27,NULL,NULL,NULL,0,NULL,NULL,NULL,'重磅：成都要改名','Zg/wV/1451555455018.jpg','尘都如何？','2015-12-31 17:50:57',NULL,1,10,2,NULL,NULL,0,NULL),(82,26,NULL,NULL,NULL,0,NULL,NULL,NULL,'2016','e3/eO/1451605507239.jpg','开心幸福好运','2016-01-01 07:45:13',NULL,2,5,1,NULL,NULL,0,NULL),(83,27,NULL,NULL,NULL,0,NULL,NULL,NULL,'元旦','Fg/0s/1451654497575.jpg','新年快乐','2016-01-01 21:22:03',NULL,2,7,1,NULL,NULL,0,NULL),(84,27,NULL,NULL,NULL,0,NULL,NULL,NULL,'新年快乐','3l/Ak/1451788017725.jpg','2016年，希望自己心想事成，干啥都顺利！','2016-01-03 10:26:59',NULL,3,5,1,NULL,NULL,0,NULL),(85,27,NULL,NULL,NULL,0,NULL,NULL,NULL,'半月','vM/0E/1451820836210.jpg','芈月传已近看的不想再看了','2016-01-03 19:34:13',NULL,3,6,3,NULL,NULL,0,NULL),(86,27,NULL,NULL,NULL,0,NULL,NULL,NULL,'征婚，美一天','8o/mK/1451829596882.jpg','妹妹职业学院马上毕业，1994年生，征心地善良，大三岁内帅哥一枚。。。','2016-01-03 22:03:13',NULL,4,18,1,NULL,NULL,0,NULL),(87,19,NULL,NULL,NULL,0,NULL,NULL,NULL,'发个帖',NULL,'帖子','2016-01-04 16:36:59',NULL,0,1,0,NULL,NULL,1,'2016-01-04 16:37:03'),(88,27,NULL,NULL,NULL,0,NULL,NULL,NULL,'装逼','CD/n6/1451902361749.jpg','一个最适合装逼的圣地','2016-01-04 18:13:00',NULL,3,6,2,NULL,NULL,0,NULL),(89,28,NULL,NULL,NULL,0,NULL,NULL,NULL,'努力工作中。。。。。。','Vh/YZ/1451902404630.jpg','坚定方向努力拼搏！','2016-01-04 18:15:12',NULL,4,10,1,NULL,NULL,0,NULL),(90,19,NULL,NULL,NULL,0,NULL,NULL,NULL,'帖子','cd/2G/1451965656661.jpg','帖子\n','2016-01-05 11:53:47',NULL,2,11,4,NULL,NULL,0,NULL),(91,19,NULL,NULL,NULL,0,NULL,NULL,NULL,'拍个照','Od/tt/1452069785092.jpg','上传照片试试','2016-01-06 16:47:14',NULL,1,2,0,NULL,NULL,1,'2016-01-06 16:47:55'),(92,19,NULL,NULL,NULL,0,NULL,NULL,NULL,'发个帖',NULL,'发帖','2016-01-06 16:47:37',NULL,1,1,0,NULL,NULL,1,'2016-01-06 16:47:46'),(93,65,NULL,NULL,NULL,0,NULL,NULL,NULL,'回想','Q9/0s/1452078137658.jpg','团队','2016-01-06 19:02:24',NULL,9,21,2,NULL,NULL,0,NULL),(94,26,NULL,NULL,NULL,0,NULL,NULL,NULL,'晚餐','xj/BX/1452078324438.jpg','吃什么不重要，关键是和谁吃.','2016-01-06 19:06:08',NULL,3,9,2,NULL,NULL,0,NULL),(95,65,NULL,NULL,NULL,0,NULL,NULL,NULL,'夕阳','7X/cN/1452079259132.jpg','这样的天气真不多，','2016-01-06 19:21:16',NULL,8,18,1,NULL,NULL,0,NULL),(96,65,NULL,NULL,NULL,0,NULL,NULL,NULL,'多聊聊','tl/42/1452087051780.jpg','多多聊聊，平台也需要人气','2016-01-06 21:31:30',NULL,9,17,4,NULL,NULL,0,NULL),(97,64,NULL,NULL,NULL,0,NULL,NULL,NULL,'安逸','dW/e9/1452142789298.jpg','你是不是我最爱的人？','2016-01-07 12:59:51',NULL,2,3,1,NULL,NULL,0,NULL),(98,64,NULL,NULL,NULL,0,NULL,NULL,NULL,'出来','WC/xG/1452142809536.jpg','长的真快','2016-01-07 13:00:31',NULL,2,3,1,NULL,NULL,0,NULL),(99,28,NULL,NULL,NULL,0,NULL,NULL,NULL,'敬业','7l/65/1452144594786.jpeg','谁与争锋？','2016-01-07 13:30:05',NULL,2,7,2,NULL,NULL,0,NULL),(100,28,NULL,NULL,NULL,0,NULL,NULL,NULL,'啊','xR/4e/1452145129790.jpg','啊','2016-01-07 13:38:56',NULL,0,1,0,NULL,NULL,1,'2016-01-07 13:39:00'),(101,65,NULL,NULL,NULL,0,NULL,NULL,NULL,'梧桐树','KK/WH/1452145735390.jpg','这条路现在已经没有绿叶了，','2016-01-07 13:49:27',NULL,7,14,2,NULL,NULL,0,NULL),(102,65,NULL,NULL,NULL,0,NULL,NULL,NULL,'论坛，','Dm/g2/1452145864375.jpg','早上起来就值班，论坛老大不好当啊','2016-01-07 13:51:06',NULL,7,13,3,NULL,NULL,0,NULL),(103,65,NULL,NULL,NULL,0,NULL,NULL,NULL,'工作','K6/Ky/1452146710754.jpg','也许这是一个机遇，','2016-01-07 14:05:39',NULL,5,7,0,NULL,NULL,1,'2016-01-07 14:08:59'),(104,65,NULL,NULL,NULL,0,NULL,NULL,NULL,'最后一天了','N9/gC/1452147015774.jpg','放寒假前的夜猫子','2016-01-07 14:10:18',NULL,6,10,1,NULL,NULL,0,NULL),(105,224,NULL,NULL,NULL,0,NULL,NULL,NULL,'一切看心','B3/AF/1452147447417.jpg','什么都不是一蹴而就，','2016-01-07 14:17:44',NULL,2,16,2,NULL,NULL,0,NULL),(106,19,NULL,NULL,NULL,0,NULL,NULL,NULL,'办公室','fm/rn/1452148280370.jpg','这是办公室','2016-01-07 14:32:27',NULL,1,7,1,NULL,NULL,1,'2016-01-08 11:59:30'),(107,19,NULL,NULL,NULL,0,NULL,NULL,NULL,'图片','lC/hI/1452148804178.jpg','图片','2016-01-07 14:40:19',NULL,1,3,0,NULL,NULL,1,'2016-01-07 14:44:56'),(108,19,NULL,NULL,NULL,0,NULL,NULL,NULL,'高清图','Ao/9W/1452149044367.jpg','是不是高清图','2016-01-07 14:44:19',NULL,0,1,0,NULL,NULL,1,'2016-01-07 14:44:52'),(109,19,NULL,NULL,NULL,0,NULL,NULL,NULL,'高清图','r9/Vt/1452151520674.jpg','高清图','2016-01-07 15:25:29',NULL,1,5,0,NULL,NULL,1,'2016-01-08 11:58:02'),(110,19,NULL,NULL,NULL,0,NULL,NULL,NULL,'咯','Bx/qM/1452151609300.jpg','学校','2016-01-07 15:27:54',NULL,1,11,2,NULL,NULL,1,'2016-01-08 11:53:55'),(111,26,NULL,NULL,NULL,0,NULL,NULL,NULL,'做人要大气','y4/X7/1452168993674.jpg','今晚不醉不归，谁来?快报名!','2016-01-07 20:17:23',NULL,2,5,0,NULL,NULL,0,NULL),(112,19,NULL,NULL,NULL,0,NULL,NULL,NULL,'玛莎搞定含',NULL,'不喜欢电话\n','2016-01-08 12:11:20',NULL,0,1,0,NULL,NULL,1,'2016-01-08 12:11:24'),(113,19,NULL,NULL,NULL,0,NULL,NULL,NULL,'马上删除',NULL,'发给好好就是\n','2016-01-08 12:19:11',NULL,0,1,0,NULL,NULL,1,'2016-01-08 12:19:14'),(114,19,NULL,NULL,NULL,0,NULL,NULL,NULL,'呵呵呵呵',NULL,'几句话大坏蛋','2016-01-08 12:22:04',NULL,0,1,0,NULL,NULL,1,'2016-01-08 12:22:17'),(115,19,NULL,NULL,NULL,0,NULL,NULL,NULL,'呵呵呵呵',NULL,'刚刚好回','2016-01-08 12:33:50',NULL,0,1,0,NULL,NULL,1,'2016-01-08 12:34:09'),(116,19,NULL,NULL,NULL,0,NULL,NULL,NULL,'刚好好',NULL,'干坏事到','2016-01-08 12:39:50',NULL,0,1,0,NULL,NULL,1,'2016-01-08 12:40:03'),(117,19,NULL,NULL,NULL,0,NULL,NULL,NULL,'呵呵呵呵',NULL,'斤斤计较就','2016-01-08 13:55:10',NULL,0,1,0,NULL,NULL,1,'2016-01-08 13:55:13'),(118,19,NULL,NULL,NULL,0,NULL,NULL,NULL,'GIF','Km/XE/1452233322319.png','GIF','2016-01-08 14:09:19',NULL,1,12,0,NULL,NULL,1,'2016-01-08 16:11:01'),(119,28,NULL,NULL,NULL,0,NULL,NULL,NULL,'越来越好','ND/tt/1452237720772.jpg','长得茂盛','2016-01-08 15:22:25',NULL,1,6,1,NULL,NULL,0,NULL),(120,65,NULL,NULL,NULL,0,NULL,NULL,NULL,'寒假','Do/9O/1452242967801.jpg','看着他们都回家了，而我选择了留下，工作！！！','2016-01-08 16:49:30',NULL,7,23,3,NULL,NULL,0,NULL),(121,65,NULL,NULL,NULL,0,NULL,NULL,NULL,'一个人','rS/bQ/1452243335856.jpeg','寝室的都走完了，回家过年了，而我一个人还没走，哈哈！','2016-01-08 16:55:37',NULL,6,26,7,NULL,NULL,0,NULL);

/*Table structure for table `posts_img` */

DROP TABLE IF EXISTS `posts_img`;

CREATE TABLE `posts_img` (
  `id` int(11) NOT NULL AUTO_INCREMENT,
  `posts_id` int(11) DEFAULT NULL COMMENT '帖子ID',
  `img_src` varchar(255) DEFAULT NULL COMMENT '路径',
  PRIMARY KEY (`id`)
) ENGINE=InnoDB AUTO_INCREMENT=78 DEFAULT CHARSET=utf8;

/*Data for the table `posts_img` */

insert  into `posts_img`(`id`,`posts_id`,`img_src`) values (1,3,'rY/A9/1450690299570.jpg'),(3,7,'pw/8c/1450700359310.jpg'),(11,17,'pZ/Mn/1450759026466.jpg'),(12,17,'Sx/Vn/1450759059765.jpg'),(13,17,'dg/IJ/1450759080806.jpg'),(14,17,'iy/b2/1450759102053.jpg'),(15,17,'sS/Tl/1450759127313.jpg'),(16,19,'jH/cn/1450766917501.jpg'),(17,20,'XF/GM/1450766983946.jpg'),(18,24,'Ow/NR/1450836903194.jpg'),(19,24,'jo/jD/1450836931487.jpg'),(20,26,'mS/p8/1450837491594.jpg'),(21,26,'qP/kt/1450837520132.jpg'),(22,26,'L2/gs/1450837543378.jpg'),(23,29,'am/HQ/1450848723823.jpg'),(24,29,'AZ/nW/1450848734902.jpg'),(25,29,'zF/F5/1450848749045.jpg'),(26,33,'BP/az/1450877373825.jpg'),(27,33,'6e/5a/1450877381723.jpg'),(28,33,'Aa/ES/1450877390378.jpg'),(29,40,'ys/PG/1450944158464.jpg'),(30,40,'IN/KO/1450944162949.jpg'),(31,40,'cI/Zn/1450944167688.jpg'),(32,40,'Tc/Wz/1450944172274.jpg'),(33,40,'r3/5F/1450944176567.jpg'),(34,40,'DP/rT/1450944181099.jpg'),(35,40,'xo/bH/1450944185635.jpg'),(36,40,'CJ/AP/1450944190355.jpg'),(37,44,'0I/ZT/1450961029937.jpg'),(38,44,'zd/CB/1450961039361.jpg'),(39,44,'zh/2Q/1450961049871.jpg'),(40,44,'an/FR/1450961079307.jpg'),(41,45,'Nm/cT/1450964027986.jpg'),(42,45,'uv/Ji/1450964039421.jpg'),(43,45,'pV/4G/1450964050159.jpg'),(44,48,'wA/r1/1451095064316.jpg'),(45,48,'Hu/y2/1451095071307.jpg'),(46,49,'nD/Yh/1451095307475.jpg'),(47,49,'YO/EI/1451095313547.jpg'),(48,49,'6C/Ja/1451095321306.jpg'),(49,49,'Bf/aL/1451095327297.jpg'),(50,49,'zu/V2/1451095333964.jpg'),(51,49,'MK/M0/1451095339773.jpg'),(52,51,'Mk/PK/1451136839571.jpg'),(53,51,'jV/Jx/1451136845730.jpg'),(54,51,'Bt/jW/1451136851530.jpg'),(55,51,'G8/Yi/1451136858028.jpg'),(56,51,'pW/GD/1451136864151.jpg'),(57,51,'6o/NL/1451136869673.jpg'),(58,51,'PO/Ah/1451136874835.jpg'),(59,51,'t4/Oj/1451136879735.jpg'),(60,51,'v5/p8/1451136886468.jpg'),(61,53,'m1/oH/1451184671948.jpg'),(62,54,'KR/9A/1451198741493.jpg'),(63,73,'RR/Yr/1451351438352.jpg'),(64,73,'tq/5n/1451351445033.jpg'),(65,73,'kg/0F/1451351451782.jpg'),(66,73,'6h/we/1451351458900.jpg'),(67,73,'zp/P9/1451351465180.jpg'),(68,73,'xR/2M/1451351471828.jpg'),(69,73,'LX/Mo/1451351478645.jpg'),(70,73,'zf/Ub/1451351484783.jpg'),(71,78,'VW/cF/1451475456462.jpg'),(72,83,'51/wj/1451654520571.jpg'),(73,85,'yH/Lm/1451820851845.jpg'),(74,88,'7M/Mi/1451902378398.jpg'),(75,89,'1C/Q4/1451902420087.jpg'),(76,89,'k3/tm/1451902445993.jpg'),(77,90,'8l/Wo/1451965678773.jpg');

/*Table structure for table `posts_praise` */

DROP TABLE IF EXISTS `posts_praise`;

CREATE TABLE `posts_praise` (
  `id` int(11) NOT NULL AUTO_INCREMENT,
  `postsId` int(11) DEFAULT NULL COMMENT '帖子ID',
  `userId` int(11) DEFAULT NULL COMMENT '用户id',
  `praise` int(1) DEFAULT NULL COMMENT '点赞状态：1：赞，0：不攒',
  `editTime` datetime DEFAULT NULL COMMENT '修改时间',
  PRIMARY KEY (`id`)
) ENGINE=InnoDB AUTO_INCREMENT=225 DEFAULT CHARSET=utf8;

/*Data for the table `posts_praise` */

insert  into `posts_praise`(`id`,`postsId`,`userId`,`praise`,`editTime`) values (1,1,27,NULL,'2015-12-21 16:28:40'),(2,1,26,NULL,'2015-12-21 17:13:36'),(3,2,27,NULL,'2015-12-21 17:27:39'),(4,3,27,NULL,'2015-12-21 17:37:28'),(5,4,27,NULL,'2015-12-21 17:37:36'),(6,5,27,NULL,'2015-12-21 17:42:08'),(7,6,27,NULL,'2015-12-21 17:55:47'),(8,7,27,NULL,'2015-12-21 20:19:26'),(9,10,27,NULL,'2015-12-21 21:16:37'),(10,13,27,NULL,'2015-12-21 22:34:04'),(11,8,27,NULL,'2015-12-21 22:34:11'),(12,14,27,NULL,'2015-12-21 22:34:19'),(13,16,27,NULL,'2015-12-22 09:50:51'),(14,18,27,NULL,'2015-12-22 14:46:28'),(15,15,27,NULL,'2015-12-22 14:53:48'),(16,20,27,NULL,'2015-12-22 14:54:50'),(17,21,25,NULL,'2015-12-23 10:11:06'),(18,22,25,NULL,'2015-12-23 10:11:28'),(19,26,55,NULL,'2015-12-23 10:56:04'),(20,29,25,NULL,'2015-12-23 14:02:34'),(21,29,27,NULL,'2015-12-23 14:04:14'),(22,26,26,NULL,'2015-12-23 17:35:44'),(23,32,100,NULL,'2015-12-23 21:42:16'),(24,34,100,NULL,'2015-12-24 08:58:53'),(25,36,27,NULL,'2015-12-24 09:03:25'),(26,35,27,NULL,'2015-12-24 09:03:41'),(27,34,27,NULL,'2015-12-24 09:03:51'),(28,33,27,NULL,'2015-12-24 09:04:32'),(29,38,27,NULL,'2015-12-24 11:46:53'),(30,40,19,NULL,'2015-12-24 16:53:16'),(31,41,19,NULL,'2015-12-24 16:54:48'),(32,42,26,NULL,'2015-12-24 18:13:38'),(33,44,27,NULL,'2015-12-24 21:13:15'),(34,44,100,NULL,'2015-12-24 21:36:00'),(35,49,25,NULL,'2015-12-26 11:41:45'),(36,51,28,NULL,'2015-12-27 10:56:08'),(37,53,27,NULL,'2015-12-27 10:57:26'),(38,56,19,NULL,'2015-12-28 16:13:32'),(39,56,27,NULL,'2015-12-28 16:56:00'),(40,58,19,NULL,'2015-12-28 17:37:19'),(41,59,19,NULL,'2015-12-28 17:38:37'),(42,61,19,NULL,'2015-12-28 17:40:29'),(43,63,19,NULL,'2015-12-28 17:41:41'),(44,64,19,NULL,'2015-12-28 17:42:36'),(45,65,19,NULL,'2015-12-28 17:48:20'),(46,66,19,NULL,'2015-12-28 17:49:24'),(47,69,19,NULL,'2015-12-28 18:09:26'),(48,76,27,NULL,'2015-12-29 09:53:29'),(49,77,27,NULL,'2015-12-29 15:33:37'),(50,75,27,NULL,'2015-12-29 15:33:53'),(51,77,25,NULL,'2015-12-29 16:02:44'),(52,76,25,NULL,'2015-12-29 16:08:24'),(53,79,27,NULL,'2015-12-31 12:06:11'),(54,79,28,NULL,'2015-12-31 12:11:45'),(55,78,43,NULL,'2015-12-31 16:13:42'),(56,82,27,NULL,'2016-01-01 15:23:26'),(57,83,26,NULL,'2016-01-01 21:41:02'),(58,84,26,NULL,'2016-01-03 22:23:16'),(59,86,19,NULL,'2016-01-04 14:36:28'),(60,85,19,NULL,'2016-01-04 14:36:36'),(61,89,19,NULL,'2016-01-04 18:52:01'),(62,89,28,NULL,'2016-01-04 20:13:41'),(63,88,27,NULL,'2016-01-04 21:22:00'),(64,86,27,NULL,'2016-01-04 21:22:09'),(65,85,27,NULL,'2016-01-04 21:22:16'),(66,84,27,NULL,'2016-01-04 21:40:12'),(67,90,19,NULL,'2016-01-05 11:54:02'),(68,89,26,NULL,'2016-01-05 20:38:43'),(69,88,26,NULL,'2016-01-05 20:38:55'),(70,91,19,NULL,'2016-01-06 16:47:25'),(71,92,19,NULL,'2016-01-06 16:47:45'),(72,86,65,NULL,'2016-01-06 19:00:10'),(73,85,65,NULL,'2016-01-06 19:00:18'),(74,78,65,NULL,'2016-01-06 19:01:11'),(75,75,65,NULL,'2016-01-06 19:01:21'),(76,74,65,NULL,'2016-01-06 19:01:30'),(77,90,65,NULL,'2016-01-06 19:02:57'),(78,93,65,NULL,'2016-01-06 19:03:03'),(79,89,65,NULL,'2016-01-06 19:03:09'),(80,88,65,NULL,'2016-01-06 19:03:15'),(81,84,65,NULL,'2016-01-06 19:04:08'),(82,83,65,NULL,'2016-01-06 19:04:14'),(83,82,65,NULL,'2016-01-06 19:04:19'),(84,80,65,NULL,'2016-01-06 19:04:24'),(85,79,65,NULL,'2016-01-06 19:04:41'),(86,81,65,NULL,'2016-01-06 19:05:02'),(87,77,65,NULL,'2016-01-06 19:05:11'),(88,76,65,NULL,'2016-01-06 19:05:20'),(89,73,65,NULL,'2016-01-06 19:05:46'),(90,57,65,NULL,'2016-01-06 19:06:12'),(91,56,65,NULL,'2016-01-06 19:06:24'),(92,94,26,NULL,'2016-01-06 19:06:24'),(93,93,26,NULL,'2016-01-06 19:06:30'),(94,55,65,NULL,'2016-01-06 19:06:33'),(95,54,65,NULL,'2016-01-06 19:06:53'),(96,53,65,NULL,'2016-01-06 19:07:10'),(97,52,65,NULL,'2016-01-06 19:07:33'),(98,51,65,NULL,'2016-01-06 19:07:47'),(99,50,65,NULL,'2016-01-06 19:08:07'),(100,49,65,NULL,'2016-01-06 19:08:26'),(101,48,65,NULL,'2016-01-06 19:08:58'),(102,47,65,NULL,'2016-01-06 19:09:06'),(103,46,65,NULL,'2016-01-06 19:09:14'),(104,45,65,NULL,'2016-01-06 19:09:22'),(105,44,65,NULL,'2016-01-06 19:09:33'),(106,43,65,NULL,'2016-01-06 19:09:49'),(107,42,65,NULL,'2016-01-06 19:09:58'),(108,41,65,NULL,'2016-01-06 19:10:04'),(109,40,65,NULL,'2016-01-06 19:10:16'),(110,39,65,NULL,'2016-01-06 19:10:26'),(111,38,65,NULL,'2016-01-06 19:10:39'),(112,37,65,NULL,'2016-01-06 19:11:03'),(113,36,65,NULL,'2016-01-06 19:11:14'),(114,35,65,NULL,'2016-01-06 19:11:38'),(115,34,65,NULL,'2016-01-06 19:11:58'),(116,33,65,NULL,'2016-01-06 19:12:09'),(117,32,65,NULL,'2016-01-06 19:12:29'),(118,31,65,NULL,'2016-01-06 19:12:52'),(119,30,65,NULL,'2016-01-06 19:13:29'),(120,29,65,NULL,'2016-01-06 19:13:49'),(121,28,65,NULL,'2016-01-06 19:14:07'),(122,27,65,NULL,'2016-01-06 19:14:18'),(123,26,65,NULL,'2016-01-06 19:14:35'),(124,25,65,NULL,'2016-01-06 19:15:17'),(125,24,65,NULL,'2016-01-06 19:15:32'),(126,23,65,NULL,'2016-01-06 19:15:44'),(127,22,65,NULL,'2016-01-06 19:16:02'),(128,21,65,NULL,'2016-01-06 19:16:21'),(129,20,65,NULL,'2016-01-06 19:16:33'),(130,19,65,NULL,'2016-01-06 19:16:44'),(131,18,65,NULL,'2016-01-06 19:16:51'),(132,17,65,NULL,'2016-01-06 19:17:20'),(133,16,65,NULL,'2016-01-06 19:17:34'),(134,15,65,NULL,'2016-01-06 19:17:45'),(135,14,65,NULL,'2016-01-06 19:18:14'),(136,13,65,NULL,'2016-01-06 19:18:27'),(137,10,65,NULL,'2016-01-06 19:18:41'),(138,8,65,NULL,'2016-01-06 19:19:03'),(139,2,65,NULL,'2016-01-06 19:19:15'),(140,1,65,NULL,'2016-01-06 19:19:37'),(141,94,65,NULL,'2016-01-06 19:20:19'),(142,95,65,NULL,'2016-01-06 19:21:21'),(143,96,65,NULL,'2016-01-06 21:31:44'),(144,96,220,NULL,'2016-01-06 22:25:22'),(145,95,220,NULL,'2016-01-06 22:25:34'),(146,93,220,NULL,'2016-01-06 22:25:41'),(147,96,221,NULL,'2016-01-06 22:27:35'),(148,95,221,NULL,'2016-01-06 22:27:40'),(149,93,221,NULL,'2016-01-06 22:27:47'),(150,96,222,NULL,'2016-01-06 22:34:07'),(151,95,222,NULL,'2016-01-06 22:34:20'),(152,93,222,NULL,'2016-01-06 22:34:34'),(153,96,223,NULL,'2016-01-06 22:38:03'),(154,95,223,NULL,'2016-01-06 22:38:07'),(155,93,223,NULL,'2016-01-06 22:38:15'),(156,96,224,NULL,'2016-01-06 23:05:27'),(157,95,224,NULL,'2016-01-06 23:05:33'),(158,93,224,NULL,'2016-01-06 23:05:39'),(159,93,19,NULL,'2016-01-07 10:26:59'),(160,96,19,NULL,'2016-01-07 10:27:29'),(161,96,225,NULL,'2016-01-07 12:44:02'),(162,95,225,NULL,'2016-01-07 12:44:08'),(163,93,225,NULL,'2016-01-07 12:44:17'),(164,96,64,NULL,'2016-01-07 12:50:44'),(165,95,64,NULL,'2016-01-07 12:52:09'),(166,94,64,NULL,'2016-01-07 12:52:16'),(167,98,28,NULL,'2016-01-07 13:02:49'),(168,97,28,NULL,'2016-01-07 13:30:27'),(169,99,65,NULL,'2016-01-07 13:46:28'),(170,98,65,NULL,'2016-01-07 13:46:48'),(171,97,65,NULL,'2016-01-07 13:46:52'),(172,101,65,NULL,'2016-01-07 13:49:32'),(173,102,65,NULL,'2016-01-07 13:51:19'),(174,102,221,NULL,'2016-01-07 13:52:24'),(175,101,221,NULL,'2016-01-07 13:52:29'),(176,102,220,NULL,'2016-01-07 13:53:39'),(177,101,220,NULL,'2016-01-07 13:53:44'),(178,102,222,NULL,'2016-01-07 13:54:22'),(179,101,222,NULL,'2016-01-07 13:54:36'),(180,102,223,NULL,'2016-01-07 13:55:07'),(181,101,223,NULL,'2016-01-07 13:55:11'),(182,102,224,NULL,'2016-01-07 13:55:39'),(183,101,224,NULL,'2016-01-07 13:55:46'),(184,102,225,NULL,'2016-01-07 13:56:48'),(185,101,225,NULL,'2016-01-07 13:56:53'),(186,103,65,NULL,'2016-01-07 14:05:47'),(187,103,221,NULL,'2016-01-07 14:06:43'),(188,103,220,NULL,'2016-01-07 14:07:22'),(189,103,222,NULL,'2016-01-07 14:08:01'),(190,103,223,NULL,'2016-01-07 14:08:33'),(191,104,65,NULL,'2016-01-07 14:10:23'),(192,104,221,NULL,'2016-01-07 14:12:30'),(193,104,220,NULL,'2016-01-07 14:13:35'),(194,104,222,NULL,'2016-01-07 14:14:55'),(195,104,223,NULL,'2016-01-07 14:15:20'),(196,104,224,NULL,'2016-01-07 14:16:46'),(197,105,65,NULL,'2016-01-07 14:21:11'),(198,106,65,NULL,'2016-01-07 14:36:43'),(199,107,65,NULL,'2016-01-07 14:44:21'),(200,99,26,NULL,'2016-01-07 16:52:16'),(201,109,26,NULL,'2016-01-07 19:40:25'),(202,110,26,NULL,'2016-01-07 20:22:50'),(203,111,19,NULL,'2016-01-08 13:54:43'),(204,105,19,NULL,'2016-01-08 13:54:51'),(205,118,19,NULL,'2016-01-08 14:22:11'),(206,119,65,NULL,'2016-01-08 16:47:23'),(207,111,65,NULL,'2016-01-08 16:47:30'),(208,120,65,NULL,'2016-01-08 16:49:36'),(209,120,221,NULL,'2016-01-08 16:50:22'),(210,120,220,NULL,'2016-01-08 16:51:10'),(211,120,222,NULL,'2016-01-08 16:52:07'),(212,120,223,NULL,'2016-01-08 16:52:31'),(213,120,224,NULL,'2016-01-08 16:53:19'),(214,121,65,NULL,'2016-01-08 16:55:42'),(215,121,221,NULL,'2016-01-08 16:56:32'),(216,121,220,NULL,'2016-01-08 16:57:02'),(217,121,222,NULL,'2016-01-08 16:57:27'),(218,121,224,NULL,'2016-01-08 16:58:27'),(219,120,225,NULL,'2016-01-08 16:59:24'),(220,121,225,NULL,'2016-01-08 16:59:31'),(221,3,65,NULL,'2016-01-08 17:10:25'),(222,7,65,NULL,'2016-01-08 17:10:38'),(223,86,43,NULL,'2016-01-09 21:20:00'),(224,3,2,NULL,'2016-03-23 15:52:34');

/*Table structure for table `posts_reply` */

DROP TABLE IF EXISTS `posts_reply`;

CREATE TABLE `posts_reply` (
  `id` int(11) NOT NULL AUTO_INCREMENT,
  `posterId` int(11) DEFAULT NULL COMMENT '用户ID',
  `postsId` int(11) DEFAULT NULL COMMENT '帖子ID',
  `content` varchar(10000) DEFAULT NULL COMMENT '回复内容',
  `postDate` datetime DEFAULT NULL COMMENT '回复时间',
  `upCnt` int(11) DEFAULT NULL COMMENT '顶数',
  `downCnt` int(11) DEFAULT NULL COMMENT '踩数',
  PRIMARY KEY (`id`)
) ENGINE=InnoDB AUTO_INCREMENT=416 DEFAULT CHARSET=utf8;

/*Data for the table `posts_reply` */

insert  into `posts_reply`(`id`,`posterId`,`postsId`,`content`,`postDate`,`upCnt`,`downCnt`) values (1,27,1,'顶起顶起！','2015-12-21 16:28:56',NULL,NULL),(2,26,1,'棒棒哒','2015-12-21 17:13:48',NULL,NULL),(3,27,2,'想吃','2015-12-21 17:27:45',NULL,NULL),(4,27,5,'扫码关注哦','2015-12-21 17:38:11',NULL,NULL),(6,27,4,'一夜成名不是梦，梦醒依然是明星！','2015-12-21 17:42:35',NULL,NULL),(7,27,7,'想成名，赶快来！','2015-12-21 20:19:41',NULL,NULL),(8,27,10,'活该','2015-12-21 21:16:47',NULL,NULL),(9,27,16,'茶具漂亮','2015-12-22 09:51:08',NULL,NULL),(10,28,16,'请我喝一杯！','2015-12-22 12:08:52',NULL,NULL),(11,25,21,'漂亮哦','2015-12-23 10:11:21',NULL,NULL),(12,55,17,'图是歪的，，','2015-12-23 10:30:39',NULL,NULL),(13,55,10,'拜托，，，图发正。。','2015-12-23 10:31:16',NULL,NULL),(14,55,26,'常总！过年发大红包哦！','2015-12-23 10:33:03',NULL,NULL),(15,55,25,'此处应该有掌声','2015-12-23 10:33:55',NULL,NULL),(16,55,23,'喜欢传统点的日本妹子。比如宮绮葵','2015-12-23 11:06:40',NULL,NULL),(17,55,24,'这个图片发的更可以。。。','2015-12-23 11:07:01',NULL,NULL),(18,26,29,'约起','2015-12-23 17:34:19',NULL,NULL),(19,26,26,'帅帅哒，蓝金领棒棒哒!','2015-12-23 17:35:39',NULL,NULL),(20,26,21,'妹子不错哟','2015-12-23 17:37:22',NULL,NULL),(21,26,33,'楼主博学噢，请受小妹一拜','2015-12-23 21:35:03',NULL,NULL),(22,100,33,'哈哈','2015-12-23 21:36:16',NULL,NULL),(23,100,32,'哈哈','2015-12-23 21:39:41',NULL,NULL),(24,100,32,'看了饿了','2015-12-23 21:39:47',NULL,NULL),(25,100,26,'加油！加油！','2015-12-23 21:40:13',NULL,NULL),(26,26,32,'跟我来，管饱!','2015-12-23 21:57:37',NULL,NULL),(27,27,36,'太艺术了','2015-12-24 09:03:24',NULL,NULL),(28,27,33,'这么深奥的东西？','2015-12-24 09:04:28',NULL,NULL),(29,100,37,'猜不到','2015-12-24 09:34:33',NULL,NULL),(30,26,37,'厕所','2015-12-24 11:46:07',NULL,NULL),(31,27,38,'真幸福','2015-12-24 11:46:52',NULL,NULL),(32,26,38,'节日快乐','2015-12-24 11:47:06',NULL,NULL),(33,55,37,'。。。。。','2015-12-24 15:36:26',NULL,NULL),(34,55,33,'喜欢','2015-12-24 15:37:13',NULL,NULL),(35,55,31,'感同身受','2015-12-24 15:37:45',NULL,NULL),(36,28,51,'在什么地方？？？？','2015-12-27 10:56:24',NULL,NULL),(37,100,51,'在大悦城','2015-12-28 15:41:26',NULL,NULL),(38,27,56,'圣诞都过完了，姐姐','2015-12-28 16:55:58',NULL,NULL),(39,19,62,'回复','2015-12-28 17:41:21',NULL,NULL),(40,27,76,'吃饱没？','2015-12-29 09:53:38',NULL,NULL),(42,25,76,'米','2015-12-29 15:42:05',NULL,NULL),(43,27,79,'想去哪儿？哥带你去！','2015-12-31 12:06:25',NULL,NULL),(44,28,79,'带上我！！！！','2015-12-31 12:11:57',NULL,NULL),(45,43,78,'6','2015-12-31 16:14:05',NULL,NULL),(46,27,80,'不上班，干啥呢？','2015-12-31 17:40:43',NULL,NULL),(47,27,85,'你','2016-01-04 21:22:20',NULL,NULL),(48,55,89,'加油','2016-01-05 09:37:22',NULL,NULL),(49,27,88,'了','2016-01-05 11:54:23',NULL,NULL),(51,26,90,'怎么个意思','2016-01-05 20:38:24',NULL,NULL),(52,28,90,'我的','2016-01-06 14:19:01',NULL,NULL),(53,65,90,'什么哦','2016-01-06 18:59:49',NULL,NULL),(54,65,85,'芈月传','2016-01-06 19:00:29',NULL,NULL),(55,65,81,'四面霾伏','2016-01-06 19:00:58',NULL,NULL),(56,65,88,'那里','2016-01-06 19:03:23',NULL,NULL),(57,65,80,'摩西','2016-01-06 19:04:32',NULL,NULL),(58,65,79,'哟','2016-01-06 19:04:51',NULL,NULL),(59,65,76,'6','2016-01-06 19:05:29',NULL,NULL),(60,65,73,'最后一张，精辟','2016-01-06 19:06:03',NULL,NULL),(61,26,93,'hhq','2016-01-06 19:06:36',NULL,NULL),(62,65,55,'哟','2016-01-06 19:06:40',NULL,NULL),(63,65,54,'感觉好神秘','2016-01-06 19:07:00',NULL,NULL),(64,65,53,'书不多啊','2016-01-06 19:07:26',NULL,NULL),(65,65,51,'表去过','2016-01-06 19:08:01',NULL,NULL),(66,65,50,'兰？','2016-01-06 19:08:16',NULL,NULL),(67,65,49,'感觉高大上，美女也多','2016-01-06 19:08:49',NULL,NULL),(68,65,44,'漂亮','2016-01-06 19:09:38',NULL,NULL),(69,65,41,'漂亮','2016-01-06 19:10:07',NULL,NULL),(70,65,40,'牛逼','2016-01-06 19:10:20',NULL,NULL),(71,65,38,'感觉生活好幸福','2016-01-06 19:10:54',NULL,NULL),(72,65,37,'厕所','2016-01-06 19:11:07',NULL,NULL),(73,65,36,'牛逼','2016-01-06 19:11:18',NULL,NULL),(74,65,35,'内涵','2016-01-06 19:11:42',NULL,NULL),(75,65,34,'熟女在哪儿','2016-01-06 19:11:55',NULL,NULL),(76,65,33,'同道中人啊','2016-01-06 19:12:20',NULL,NULL),(77,65,32,'感觉不错','2016-01-06 19:12:43',NULL,NULL),(78,65,31,'逻辑不对','2016-01-06 19:13:02',NULL,NULL),(79,65,30,'雪下的大，哈哈','2016-01-06 19:13:37',NULL,NULL),(80,65,29,'感觉高大上','2016-01-06 19:13:58',NULL,NULL),(81,65,28,'生活','2016-01-06 19:14:11',NULL,NULL),(82,65,27,'知足常乐','2016-01-06 19:14:24',NULL,NULL),(83,65,26,'666','2016-01-06 19:14:49',NULL,NULL),(84,65,25,'666','2016-01-06 19:15:20',NULL,NULL),(85,65,24,'好耍','2016-01-06 19:15:38',NULL,NULL),(86,65,23,'看不懂','2016-01-06 19:15:52',NULL,NULL),(87,65,22,'夏天的看过','2016-01-06 19:16:13',NULL,NULL),(88,65,21,'漂亮','2016-01-06 19:16:25',NULL,NULL),(89,65,20,'666','2016-01-06 19:16:36',NULL,NULL),(90,65,18,'安逸','2016-01-06 19:16:56',NULL,NULL),(91,65,17,'不错','2016-01-06 19:17:26',NULL,NULL),(92,65,16,'漂亮哦','2016-01-06 19:17:39',NULL,NULL),(93,65,15,'这样的天气可不多','2016-01-06 19:18:01',NULL,NULL),(94,65,14,'哈哈','2016-01-06 19:18:17',NULL,NULL),(95,65,13,'拿铁一杯','2016-01-06 19:18:33',NULL,NULL),(96,65,10,'哈哈','2016-01-06 19:18:46',NULL,NULL),(97,65,8,'凌乱','2016-01-06 19:19:10',NULL,NULL),(98,65,2,'看起挺好','2016-01-06 19:19:29',NULL,NULL),(100,65,94,'经典','2016-01-06 19:20:23',NULL,NULL),(101,65,77,'单身狗就不多说了','2016-01-06 21:27:47',NULL,NULL),(102,65,75,'漂亮','2016-01-06 21:27:59',NULL,NULL),(103,65,86,'大一岁','2016-01-06 21:42:12',NULL,NULL),(104,65,85,'怎么不想看了','2016-01-06 21:42:36',NULL,NULL),(105,65,83,'不错','2016-01-06 21:43:01',NULL,NULL),(106,65,82,'好运','2016-01-06 21:43:15',NULL,NULL),(107,65,78,'6','2016-01-06 21:43:53',NULL,NULL),(108,65,74,'哈哈','2016-01-06 21:44:17',NULL,NULL),(109,65,57,'选择重要','2016-01-06 21:44:37',NULL,NULL),(110,65,56,'不错，','2016-01-06 21:44:55',NULL,NULL),(111,65,52,'精辟，惊屁','2016-01-06 21:45:28',NULL,NULL),(112,65,48,'哟哟','2016-01-06 21:45:56',NULL,NULL),(113,65,47,'没看过呢','2016-01-06 21:46:27',NULL,NULL),(114,65,46,'哈哈，怎么额','2016-01-06 21:46:44',NULL,NULL),(115,65,45,'丰盛，高大上','2016-01-06 21:47:01',NULL,NULL),(116,65,43,'差别','2016-01-06 21:47:35',NULL,NULL),(117,65,42,' 辛苦了','2016-01-06 21:47:46',NULL,NULL),(118,65,39,'人是铁饭是钢','2016-01-06 21:48:03',NULL,NULL),(119,65,96,'内涵哈','2016-01-06 21:48:44',NULL,NULL),(120,65,84,'祝你顺利','2016-01-06 22:15:12',NULL,NULL),(121,220,96,'哈哈','2016-01-06 22:25:28',NULL,NULL),(122,222,96,'逗逼','2016-01-06 22:34:15',NULL,NULL),(123,222,95,'希望很美','2016-01-06 22:34:25',NULL,NULL),(124,222,93,'哟','2016-01-06 22:34:39',NULL,NULL),(125,65,41,'赞','2016-01-06 23:26:57',NULL,NULL),(127,64,96,'就是','2016-01-07 12:51:52',NULL,NULL),(128,64,94,'废话','2016-01-07 12:52:21',NULL,NULL),(129,28,98,'什么？','2016-01-07 13:02:57',NULL,NULL),(130,28,97,'安','2016-01-07 13:30:37',NULL,NULL),(131,28,99,'牛掰','2016-01-07 13:45:06',NULL,NULL),(132,65,99,'敬业啊','2016-01-07 13:46:38',NULL,NULL),(133,28,74,'牛逼','2016-01-07 13:46:57',NULL,NULL),(134,221,102,'感觉高大上','2016-01-07 13:52:19',NULL,NULL),(135,221,101,'不错','2016-01-07 13:52:41',NULL,NULL),(136,220,101,'那里','2016-01-07 13:53:52',NULL,NULL),(137,222,102,'什么论坛','2016-01-07 13:54:30',NULL,NULL),(140,65,106,'不错哦','2016-01-07 14:37:30',NULL,NULL),(141,26,105,'耍的真开心','2016-01-07 16:51:26',NULL,NULL),(142,43,1,'测试一下','2016-01-07 18:56:02',NULL,NULL),(143,19,110,'火锅刚刚','2016-01-07 18:56:52',NULL,NULL),(144,26,110,'给你','2016-01-07 19:40:16',NULL,NULL),(145,221,120,'加油','2016-01-08 16:50:33',NULL,NULL),(146,223,120,'够拼的','2016-01-08 16:52:55',NULL,NULL),(147,27,121,'沉着','2016-01-08 16:56:39',NULL,NULL),(148,221,121,'逗逼老大','2016-01-08 16:56:41',NULL,NULL),(149,27,121,'淡定','2016-01-08 16:56:46',NULL,NULL),(150,27,120,'有你的份儿','2016-01-08 16:57:11',NULL,NULL),(152,27,121,'淡定','2016-01-08 16:57:39',NULL,NULL),(153,28,121,'。。。。。。','2016-01-08 16:58:06',NULL,NULL),(154,27,102,'啥子都做啊？','2016-01-08 16:58:24',NULL,NULL),(155,27,119,'爬','2016-01-08 16:58:43',NULL,NULL),(156,224,121,'走，老大出去浪','2016-01-08 16:58:54',NULL,NULL),(157,27,104,'整的好','2016-01-08 16:59:58',NULL,NULL),(158,65,27,'知足常乐','2016-01-08 17:11:07',NULL,NULL),(159,65,28,'66','2016-01-08 17:11:23',NULL,NULL),(160,65,1,'不错不错','2016-01-08 17:11:57',NULL,NULL),(161,65,2,'美味吧','2016-01-08 17:12:13',NULL,NULL),(164,65,7,'我要努力拉','2016-01-08 17:13:56',NULL,NULL),(165,65,7,'为明星而奋斗','2016-01-08 17:14:14',NULL,NULL),(166,65,8,'技术人员哦','2016-01-08 17:14:43',NULL,NULL),(167,65,8,'看起来很牛逼','2016-01-08 17:15:22',NULL,NULL),(168,65,10,'肚子现在很饿','2016-01-08 17:15:44',NULL,NULL),(169,65,10,'这个有点少吧','2016-01-08 17:16:12',NULL,NULL),(170,65,13,'美团团购，方便的多','2016-01-08 17:16:47',NULL,NULL),(171,65,14,'这个评价有点屌','2016-01-08 17:17:23',NULL,NULL),(172,65,14,'666','2016-01-08 17:17:35',NULL,NULL),(173,65,14,'666，在线求助','2016-01-08 17:18:03',NULL,NULL),(174,65,15,'可惜现在很冷','2016-01-08 17:18:51',NULL,NULL),(175,65,15,'今天又饿又冷','2016-01-08 17:19:02',NULL,NULL),(176,65,16,'想拥有','2016-01-08 17:19:23',NULL,NULL),(177,65,16,'白瓷','2016-01-08 17:19:37',NULL,NULL),(178,65,17,'环境很不错，','2016-01-08 17:20:54',NULL,NULL),(179,65,17,'我想来看看','2016-01-08 17:21:24',NULL,NULL),(180,65,18,'休闲娱乐','2016-01-08 17:21:48',NULL,NULL),(181,65,18,'可惜近日很冷','2016-01-08 17:22:00',NULL,NULL),(182,65,20,'我要好好弄','2016-01-08 17:22:50',NULL,NULL),(183,65,20,'压力大','2016-01-08 17:23:20',NULL,NULL),(184,65,20,'努力拿第一','2016-01-08 17:23:53',NULL,NULL),(185,65,21,'环境不错','2016-01-08 17:28:37',NULL,NULL),(186,65,21,'默默的看着','2016-01-08 17:29:07',NULL,NULL),(187,65,22,'来这里时可惜没有这么美','2016-01-08 17:29:35',NULL,NULL),(188,65,22,'指点一下在哪儿，我到时候再来','2016-01-08 17:30:08',NULL,NULL),(189,65,22,'天然氧吧，洗肺圣地','2016-01-08 17:30:51',NULL,NULL),(190,65,23,'日本妹儿，','2016-01-08 17:31:07',NULL,NULL),(191,65,23,'让我想起了京东热','2016-01-08 17:31:20',NULL,NULL),(192,65,23,'看来你是高手','2016-01-08 17:31:38',NULL,NULL),(193,65,24,'以后一起去钓鱼，','2016-01-08 17:32:08',NULL,NULL),(194,65,24,'我们老家好钓，','2016-01-08 17:32:29',NULL,NULL),(195,65,24,'这个地方水浅吧，','2016-01-08 17:32:52',NULL,NULL),(196,65,25,'羡慕你们','2016-01-08 17:33:15',NULL,NULL),(197,65,25,'以后出来要好好混','2016-01-08 17:33:31',NULL,NULL),(198,65,25,'到时候多多帮助小弟啊','2016-01-08 17:33:54',NULL,NULL),(199,65,26,'常总哦，6666','2016-01-08 17:34:15',NULL,NULL),(200,65,26,'好久的，感觉高大上','2016-01-08 17:34:40',NULL,NULL),(201,65,27,'至理名言','2016-01-08 17:35:22',NULL,NULL),(202,65,28,'过好自己','2016-01-08 17:35:39',NULL,NULL),(203,65,28,'开心就好','2016-01-08 17:35:49',NULL,NULL),(204,65,29,'我是山卡卡来的，','2016-01-08 17:36:12',NULL,NULL),(205,65,29,'吃不了高雅','2016-01-08 17:36:29',NULL,NULL),(206,65,30,'这是神回复','2016-01-08 17:36:57',NULL,NULL),(207,65,30,'有一天 一苹果对人们说 ：“咬我一口吧 ，咬我一口吧！”人们很纳闷问：“为什么？”苹果说：“因为，我不想在水果界混了。”人们咬了它一口，于是，苹果就跟着乔布斯混了','2016-01-08 17:38:12',NULL,NULL),(208,65,31,'　走在路面比较直且中间没障碍的马路上，趁着他去系鞋带或者上厕所，往前走100米，保证他看不见你了，这时候试试他的反应!看他会不会喊：安红，你在哪里?','2016-01-08 17:39:50',NULL,NULL),(209,65,32,'我饿了','2016-01-08 17:40:18',NULL,NULL),(210,65,32,'今天又冷又饿','2016-01-08 17:40:28',NULL,NULL),(211,65,33,'可惜没看完过，','2016-01-08 17:41:17',NULL,NULL),(212,65,33,'多交流下','2016-01-08 17:41:28',NULL,NULL),(213,65,34,'已点赞，回赞回赞','2016-01-08 17:41:58',NULL,NULL),(214,65,34,'多交流','2016-01-08 17:42:33',NULL,NULL),(215,65,35,'复印机','2016-01-08 17:43:05',NULL,NULL),(216,65,35,'不怕辐射吗','2016-01-08 17:43:19',NULL,NULL),(217,65,35,'真想看看复印出来是啥样的','2016-01-08 17:43:43',NULL,NULL),(218,65,36,'老外就是日怪','2016-01-08 17:43:57',NULL,NULL),(219,65,36,'两点弄的精辟','2016-01-08 17:54:16',NULL,NULL),(220,65,36,'有点风骚','2016-01-08 17:54:30',NULL,NULL),(221,65,37,'第一想到厕所','2016-01-08 17:55:00',NULL,NULL),(222,65,37,'感觉好邪恶','2016-01-08 17:55:16',NULL,NULL),(223,65,38,'柠檬怎么吃','2016-01-08 17:55:47',NULL,NULL),(224,65,38,'羡慕','2016-01-08 17:56:01',NULL,NULL),(225,65,38,'可惜没有香蕉','2016-01-08 17:56:25',NULL,NULL),(226,65,39,'哈哈','2016-01-08 17:57:05',NULL,NULL),(227,65,39,'吃饱了在减肥','2016-01-08 17:57:21',NULL,NULL),(228,65,40,'风骚的趣图','2016-01-08 17:57:37',NULL,NULL),(229,65,40,'神表情','2016-01-08 17:58:02',NULL,NULL),(230,65,40,'第四张第五张经典','2016-01-08 17:58:38',NULL,NULL),(231,65,41,'那里呢','2016-01-08 17:58:47',NULL,NULL),(232,65,41,'工作牌都有两个','2016-01-08 17:59:14',NULL,NULL),(233,65,42,'世界这么大，多出去走走','2016-01-08 17:59:44',NULL,NULL),(234,65,42,'我今天又累又饿','2016-01-08 18:00:21',NULL,NULL),(235,65,43,'这就是差距','2016-01-08 18:02:06',NULL,NULL),(236,65,43,'神图，继续','2016-01-08 18:04:07',NULL,NULL),(237,65,44,'羡慕','2016-01-08 18:04:53',NULL,NULL),(238,65,45,'如此丰盛','2016-01-08 18:05:07',NULL,NULL),(239,65,44,'气质','2016-01-08 18:05:20',NULL,NULL),(240,65,45,'又累又饿','2016-01-08 18:05:30',NULL,NULL),(241,65,46,'这个图……','2016-01-08 18:05:40',NULL,NULL),(242,65,46,'圣诞节的队友？','2016-01-08 18:06:03',NULL,NULL),(243,65,47,'生存之道','2016-01-08 18:06:28',NULL,NULL),(244,65,47,'以后可以看看','2016-01-08 18:06:38',NULL,NULL),(245,65,48,'金牛区还是龙泉？','2016-01-08 18:07:51',NULL,NULL),(246,65,48,'感觉高大上','2016-01-08 18:08:02',NULL,NULL),(247,65,49,'默默点赞','2016-01-08 18:08:17',NULL,NULL),(248,65,49,'除了羡慕还是……','2016-01-08 18:08:37',NULL,NULL),(249,65,51,'不错','2016-01-08 18:09:03',NULL,NULL),(250,65,52,'神图，','2016-01-08 18:09:12',NULL,NULL),(251,65,52,'这图……','2016-01-08 18:09:23',NULL,NULL),(252,65,54,'这是什么工作','2016-01-08 18:09:50',NULL,NULL),(253,65,54,'感觉疯狂','2016-01-08 18:09:59',NULL,NULL),(254,65,56,'666','2016-01-08 18:10:11',NULL,NULL),(255,65,121,'成都不孤单','2016-01-08 21:00:07',NULL,NULL),(266,1,3,'fwq','2016-03-23 16:47:19',NULL,NULL),(405,2,3,'jkkjkk','2016-03-24 16:23:10',NULL,NULL),(406,2,3,'<div name=\"rc\" style=\"width:95%;word-wrap: break-word;background-color: #efe8d8;border: #d2d2d2 1px solid;\"><h4 style=\"color:#4c9ed9;padding:5px\">测试</h4><div class=\"reContent\" style=\"padding:5px\">jkkjkk</div></div><div style=\'padding:5px\'>ghfghfgh</div>','2016-03-24 16:32:46',NULL,NULL),(407,2,3,'<div name=\"rc\" style=\"width:95%;word-wrap: break-word;background-color: #efe8d8;border: #d2d2d2 1px solid;\"><div name=\"rc\" style=\"margin:20px 5px;\"><div name=\"rc\" style=\"width:95%;word-wrap: break-word;background-color: #efe8d8;border: #d2d2d2 1px solid;\"><h4 style=\"color:#4c9ed9;padding:5px\">测试</h4><div class=\"reContent\" style=\"padding:5px\">jkkjkk</div></div></div><h4 style=\"color:#4c9ed9;padding:5px\">测试</h4><div class=\"reContent\" style=\"padding:5px\">ghfghfgh</div></div><div style=\'padding:5px\'>fghfgh</div>','2016-03-24 16:32:59',NULL,NULL),(408,2,3,'<div name=\"rc\" style=\"width:95%;word-wrap: break-word;background-color: #efe8d8;border: #d2d2d2 1px solid;\"><div name=\"rc\" style=\"margin:20px 5px;\"><div name=\"rc\" style=\"width:95%;word-wrap: break-word;background-color: #efe8d8;border: #d2d2d2 1px solid;\"><div name=\"rc\" style=\"margin:20px 5px;\"><div name=\"rc\" style=\"width:95%;word-wrap: break-word;background-color: #efe8d8;border: #d2d2d2 1px solid;\"><h4 style=\"color:#4c9ed9;padding:5px\">测试</h4><div class=\"reContent\" style=\"padding:5px\">jkkjkk</div></div></div><h4 style=\"color:#4c9ed9;padding:5px\">测试</h4><div class=\"reContent\" style=\"padding:5px\">ghfghfgh</div></div></div><h4 style=\"color:#4c9ed9;padding:5px\">测试</h4><div class=\"reContent\" style=\"padding:5px\">fghfgh</div></div><div style=\'padding:5px\'>fghfggfgh</div>','2016-03-24 16:33:06',NULL,NULL),(409,2,3,'<div name=\"rc\" style=\"width:95%;word-wrap: break-word;background-color: #efe8d8;border: #d2d2d2 1px solid;\"><div name=\"rc\" style=\"margin:20px 5px;\"><div name=\"rc\" style=\"width:95%;word-wrap: break-word;background-color: #efe8d8;border: #d2d2d2 1px solid;\"><div name=\"rc\" style=\"margin:20px 5px;\"><div name=\"rc\" style=\"width:95%;word-wrap: break-word;background-color: #efe8d8;border: #d2d2d2 1px solid;\"><div name=\"rc\" style=\"margin:20px 5px;\"><div name=\"rc\" style=\"width:95%;word-wrap: break-word;background-color: #efe8d8;border: #d2d2d2 1px solid;\"><h4 style=\"color:#4c9ed9;padding:5px\">测试</h4><div class=\"reContent\" style=\"padding:5px\">jkkjkk</div></div></div><h4 style=\"color:#4c9ed9;padding:5px\">测试</h4><div class=\"reContent\" style=\"padding:5px\">ghfghfgh</div></div></div><h4 style=\"color:#4c9ed9;padding:5px\">测试</h4><div class=\"reContent\" style=\"padding:5px\">fghfgh</div></div></div><h4 style=\"color:#4c9ed9;padding:5px\">测试</h4><div class=\"reContent\" style=\"padding:5px\">fghfggfgh</div></div><div style=\'padding:5px\'>llkkj</div>','2016-03-24 16:34:29',NULL,NULL),(410,2,3,'<div name=\"rc\" style=\"width:95%;word-wrap: break-word;background-color: #efe8d8;border: #d2d2d2 1px solid;\"><div name=\"rc\" style=\"margin:20px 5px;\"><div name=\"rc\" style=\"width:95%;word-wrap: break-word;background-color: #efe8d8;border: #d2d2d2 1px solid;\"><div name=\"rc\" style=\"margin:20px 5px;\"><div name=\"rc\" style=\"width:95%;word-wrap: break-word;background-color: #efe8d8;border: #d2d2d2 1px solid;\"><div name=\"rc\" style=\"margin:20px 5px;\"><div name=\"rc\" style=\"width:95%;word-wrap: break-word;background-color: #efe8d8;border: #d2d2d2 1px solid;\"><div name=\"rc\" style=\"margin:20px 5px;\"><div name=\"rc\" style=\"width:95%;word-wrap: break-word;background-color: #efe8d8;border: #d2d2d2 1px solid;\"><h4 style=\"color:#4c9ed9;padding:5px\">测试</h4><div class=\"reContent\" style=\"padding:5px\">jkkjkk</div></div></div><h4 style=\"color:#4c9ed9;padding:5px\">测试</h4><div class=\"reContent\" style=\"padding:5px\">ghfghfgh</div></div></div><h4 style=\"color:#4c9ed9;padding:5px\">测试</h4><div class=\"reContent\" style=\"padding:5px\">fghfgh</div></div></div><h4 style=\"color:#4c9ed9;padding:5px\">测试</h4><div class=\"reContent\" style=\"padding:5px\">fghfggfgh</div></div></div><h4 style=\"color:#4c9ed9;padding:5px\">测试</h4><div class=\"reContent\" style=\"padding:5px\">llkkj</div></div><div style=\'padding:5px\'>hjkjhjhgjh</div>','2016-03-24 16:34:58',NULL,NULL),(411,2,3,'<div name=\"rc\" style=\"width:95%;word-wrap: break-word;background-color: #efe8d8;border: #d2d2d2 1px solid;\"><h4 style=\"color:#4c9ed9;padding:5px\">测试</h4><div class=\"reContent\" style=\"padding:5px\">jkkjkk</div></div><div style=\'padding:5px\'>hjgjh</div>','2016-03-24 16:35:23',NULL,NULL),(412,2,3,'hhg','2016-03-24 16:35:28',NULL,NULL),(413,2,3,'<div name=\"rc\" style=\"width:100%;word-wrap: break-word;background-color: #efe8d8;border: #d2d2d2 1px solid;\"><div name=\"rc\"><div name=\"rc\" style=\"width:98%;word-wrap: break-word;background-color: #efe8d8;border: #d2d2d2 1px solid;\"><h4 style=\"color:#4c9ed9;padding:5px\">测试</h4><div class=\"reContent\" style=\"padding:5px\">jkkjkk</div></div></div><h4 style=\"color:#4c9ed9;padding:5px\">测试</h4><div class=\"reContent\" style=\"padding:5px\">hjgjh</div></div><div style=\'padding:5px\'>蜂窝网</div>','2016-03-25 09:29:17',NULL,NULL),(414,2,3,'<div name=\"rc\" style=\"width:100%;word-wrap: break-word;background-color: #efe8d8;border: #d2d2d2 1px solid;\"><div name=\"rc\"><div name=\"rc\" style=\"width:98%;word-wrap: break-word;background-color: #efe8d8;border: #d2d2d2 1px solid;\"><div name=\"rc\"><div name=\"rc\" style=\"width:98%;word-wrap: break-word;background-color: #efe8d8;border: #d2d2d2 1px solid;\"><h4 style=\"color:#4c9ed9;padding:5px\">测试</h4><div class=\"reContent\" style=\"padding:5px\">jkkjkk</div></div></div><h4 style=\"color:#4c9ed9;padding:5px\">测试</h4><div class=\"reContent\" style=\"padding:5px\">hjgjh</div></div></div><h4 style=\"color:#4c9ed9;padding:5px\">测试</h4><div class=\"reContent\" style=\"padding:5px\">蜂窝网</div></div><div style=\'padding:5px\'>发俄方</div>','2016-03-25 09:29:34',NULL,NULL),(415,2,3,'<div name=\"rc\" style=\"width:100%;word-wrap: break-word;background-color: #efe8d8;border: #d2d2d2 1px solid;\"><div name=\"rc\"><div name=\"rc\" style=\"width:98%;word-wrap: break-word;background-color: #efe8d8;border: #d2d2d2 1px solid;\"><div name=\"rc\"><div name=\"rc\" style=\"width:98%;word-wrap: break-word;background-color: #efe8d8;border: #d2d2d2 1px solid;\"><div name=\"rc\"><div name=\"rc\" style=\"width:98%;word-wrap: break-word;background-color: #efe8d8;border: #d2d2d2 1px solid;\"><h4 style=\"color:#4c9ed9;padding:5px\">测试</h4><div class=\"reContent\" style=\"padding:5px\">jkkjkk</div></div></div><h4 style=\"color:#4c9ed9;padding:5px\">测试</h4><div class=\"reContent\" style=\"padding:5px\">hjgjh</div></div></div><h4 style=\"color:#4c9ed9;padding:5px\">测试</h4><div class=\"reContent\" style=\"padding:5px\">蜂窝网</div></div></div><h4 style=\"color:#4c9ed9;padding:5px\">测试</h4><div class=\"reContent\" style=\"padding:5px\">发俄方</div></div><div style=\'padding:5px\'>few范文芳</div>','2016-03-25 09:29:39',NULL,NULL);

/*Table structure for table `province` */

DROP TABLE IF EXISTS `province`;

CREATE TABLE `province` (
  `id` int(11) NOT NULL AUTO_INCREMENT,
  `name` varchar(255) DEFAULT NULL,
  PRIMARY KEY (`id`)
) ENGINE=InnoDB AUTO_INCREMENT=28 DEFAULT CHARSET=utf8;

/*Data for the table `province` */

insert  into `province`(`id`,`name`) values (1,'直辖市'),(2,'河北省'),(3,'山西省'),(4,'内蒙古'),(5,'辽宁省'),(6,'吉林省'),(7,'黑龙江省'),(8,'江苏省'),(9,'浙江省'),(10,'安徽省'),(11,'福建省'),(12,'江西省'),(13,'山东省'),(14,'河南省'),(15,'湖北省'),(16,'湖南省'),(17,'广东省'),(18,'广西壮族自治区'),(19,'海南省'),(20,'四川省'),(21,'贵州省'),(22,'云南省'),(23,'西藏自治区'),(24,'陕西省'),(25,'甘肃省'),(26,'宁夏回族自治区'),(27,'新疆维吾尔自治区');

/*Table structure for table `recruiter` */

DROP TABLE IF EXISTS `recruiter`;

CREATE TABLE `recruiter` (
  `id` int(11) NOT NULL AUTO_INCREMENT,
  `job_id` int(11) DEFAULT NULL COMMENT '职位id',
  `user_id` int(11) DEFAULT NULL COMMENT '用户id',
  `create_time` datetime DEFAULT NULL COMMENT '创建时间',
  `looked` tinyint(1) DEFAULT '0' COMMENT '是否已查看',
  PRIMARY KEY (`id`)
) ENGINE=InnoDB AUTO_INCREMENT=37 DEFAULT CHARSET=utf8;

/*Data for the table `recruiter` */

insert  into `recruiter`(`id`,`job_id`,`user_id`,`create_time`,`looked`) values (1,1,27,'2015-12-21 16:45:20',0),(2,7,27,'2015-12-21 20:25:54',0),(3,19,27,'2015-12-24 16:44:17',0),(4,10,27,'2015-12-29 15:37:06',0),(5,45,19,'2016-01-04 16:37:27',1),(13,51,65,'2016-01-06 22:14:04',1),(14,31,65,'2016-01-06 22:14:44',0),(18,501,4,'2016-01-08 16:53:36',0),(27,54,2,'2016-01-07 13:01:02',1),(28,50,4,'2016-01-07 13:01:02',1),(29,54,2,'2016-01-07 13:01:02',1),(30,54,2,'2016-01-07 13:01:02',1),(31,54,2,'2016-01-07 13:01:02',1),(32,54,2,'2016-01-07 13:01:02',1),(33,54,2,'2016-01-07 13:01:02',1),(34,54,2,'2016-01-07 13:01:02',1),(35,54,2,'2016-01-07 13:01:02',1),(36,1,2,'2016-04-06 13:23:50',0);

/*Table structure for table `repair_report` */

DROP TABLE IF EXISTS `repair_report`;

CREATE TABLE `repair_report` (
  `id` int(11) NOT NULL AUTO_INCREMENT,
  `dormitoryNo` varchar(15) DEFAULT NULL COMMENT '寝室号',
  `reporterName` varchar(10) DEFAULT NULL COMMENT '报修人',
  `studentNo` varchar(25) DEFAULT NULL COMMENT '学号',
  `telNo` varchar(20) DEFAULT NULL COMMENT '电话',
  `plannedTime` varchar(100) DEFAULT NULL COMMENT '预约时间',
  `repairContent` varchar(100) DEFAULT NULL COMMENT '报修内容',
  `is_fixed` int(1) DEFAULT '0' COMMENT '是否完成：1、是，0、否',
  `create_time` datetime DEFAULT NULL,
  `userId` int(11) DEFAULT NULL,
  PRIMARY KEY (`id`)
) ENGINE=InnoDB DEFAULT CHARSET=utf8;

/*Data for the table `repair_report` */

/*Table structure for table `repair_type` */

DROP TABLE IF EXISTS `repair_type`;

CREATE TABLE `repair_type` (
  `id` int(11) NOT NULL AUTO_INCREMENT,
  `repairContent` varchar(100) DEFAULT NULL COMMENT '报修内容',
  PRIMARY KEY (`id`)
) ENGINE=InnoDB AUTO_INCREMENT=8 DEFAULT CHARSET=utf8;

/*Data for the table `repair_type` */

insert  into `repair_type`(`id`,`repairContent`) values (1,'水龙头漏水'),(2,'热水器问题'),(3,'风扇坏'),(4,'寝室门锁坏'),(5,'卫生间门锁坏'),(6,'日光灯管坏'),(7,'插座坏');

/*Table structure for table `resume` */

DROP TABLE IF EXISTS `resume`;

CREATE TABLE `resume` (
  `id` int(11) NOT NULL AUTO_INCREMENT,
  `userId` int(11) DEFAULT NULL,
  `real_name` varchar(500) DEFAULT NULL COMMENT '姓名',
  `age` int(11) DEFAULT NULL COMMENT '年龄',
  `sex` int(11) DEFAULT NULL COMMENT '性别',
  `birthday` varchar(500) DEFAULT NULL COMMENT '出生年月日',
  `area` varchar(500) DEFAULT NULL COMMENT '所在地',
  `work_area` varchar(500) DEFAULT NULL COMMENT '工作地点',
  `work_year` varchar(100) DEFAULT NULL COMMENT '工作年限',
  `status` int(1) DEFAULT NULL COMMENT '是否在职：1、在职；0、离职',
  `work_exstate` varchar(3000) DEFAULT NULL COMMENT '经验',
  `work_trade` varchar(100) DEFAULT NULL COMMENT '期望行业',
  `work_salary` float DEFAULT NULL COMMENT '期望工资',
  `work_job` varchar(100) DEFAULT NULL COMMENT '期望职位',
  `ed_exstate` varchar(3000) DEFAULT NULL,
  `near_job` varchar(100) DEFAULT NULL COMMENT '最近工作',
  `near_company` varchar(200) DEFAULT NULL COMMENT '最近公司',
  `self_evaluation` varchar(3000) DEFAULT NULL COMMENT '自我评价',
  `work_nature` int(11) DEFAULT NULL COMMENT '工作性质: 1 全职, 0 兼职',
  `education` varchar(100) DEFAULT NULL COMMENT '学历',
  `phone` varchar(20) DEFAULT NULL COMMENT '联系电话',
  `last_update` datetime DEFAULT NULL COMMENT '最后更新时间',
  `create_time` datetime DEFAULT NULL COMMENT '创建时间',
  PRIMARY KEY (`id`)
) ENGINE=InnoDB AUTO_INCREMENT=9 DEFAULT CHARSET=utf8;

/*Data for the table `resume` */

insert  into `resume`(`id`,`userId`,`real_name`,`age`,`sex`,`birthday`,`area`,`work_area`,`work_year`,`status`,`work_exstate`,`work_trade`,`work_salary`,`work_job`,`ed_exstate`,`near_job`,`near_company`,`self_evaluation`,`work_nature`,`education`,`phone`,`last_update`,`create_time`) values (1,2,'李白',20,1,'2015-11-2','四川省乐山市\r','四川省成都市\r','毕业生',0,'[{\"start_time\":\"2015\\/1\\/30\",\"end_time\":\"2015\\/9\\/11\",\"name\":\"压缩后\",\"content\":\"不大好合适的话扭扭捏捏\",\"company_name\":\"公司\",\"work_type\":\"建筑\\/施工\"}]','计算机',6666,'司机','[{\"start_time\":\"2014\\/12\\/19\",\"end_time\":\"2015\\/12\\/31\",\"school_name\":\"哈哈哈哈1111\",\"content\":\"东借西借都觉得你的呢双流\",\"major_name\":\"好的回到家\"},{\"start_time\":\"2015\\/7\\/30\",\"end_time\":\"2016\\/1\\/15\",\"school_name\":\"呵呵哈哈哈\",\"content\":\"刚刚古古怪怪\",\"major_name\":\"刚刚滚滚滚\"}]','JAVA','腾讯','66666666666',0,'本科','18380426135','2016-03-16 12:30:32','2015-11-02 00:00:00'),(2,4,'Abel',20,0,'2015-11-27','四川省成都市\r','四川省成都市\r','一年',0,'[{\"start_time\":\"2015\\/1\\/30\",\"end_time\":\"2015\\/9\\/11\",\"name\":\"压缩后\",\"content\":\"不大好合适的话扭扭捏捏\",\"company_name\":\"公司\",\"work_type\":\"建筑\\/施工\"}]','计算机',8888,'普工/技工','[{\"start_time\":\"2014\\/12\\/19\",\"end_time\":\"2015\\/12\\/31\",\"school_name\":\"哈哈哈哈1111\",\"content\":\"东借西借都觉得你的呢双流\",\"major_name\":\"好的回到家\"},{\"start_time\":\"2015\\/7\\/30\",\"end_time\":\"2016\\/1\\/15\",\"school_name\":\"呵呵哈哈哈\",\"content\":\"刚刚古古怪怪\",\"major_name\":\"刚刚滚滚滚\"}]','C++','百度','666666666666',0,'博士','18380426135','2016-03-16 00:00:00','2015-11-02 00:00:00'),(3,19,'Eric',20,1,'1986-6-6','江苏省宿迁市\r','四川省成都市\r','三年以上',0,'[{\"start_time\":\"2015\\/1\\/30\",\"end_time\":\"2015\\/9\\/11\",\"name\":\"压缩后\",\"content\":\"不大好合适的话扭扭捏捏\",\"company_name\":\"公司\",\"work_type\":\"建筑\\/施工\"}]',NULL,NULL,'建筑/施工','[{\"start_time\":\"2014\\/12\\/19\",\"end_time\":\"2015\\/12\\/31\",\"school_name\":\"哈哈哈哈1111\",\"content\":\"东借西借都觉得你的呢双流\",\"major_name\":\"好的回到家\"},{\"start_time\":\"2015\\/7\\/30\",\"end_time\":\"2016\\/1\\/15\",\"school_name\":\"呵呵哈哈哈\",\"content\":\"刚刚古古怪怪\",\"major_name\":\"刚刚滚滚滚\"}]','JAVA','百度','666666666666',0,'博士','18380426135','2015-11-02 00:00:00','2015-11-02 00:00:00'),(4,23,'Alina',20,0,'2015-12-3','河北省天津市\r','福建省泉州市\r','一年',0,'[{\"start_time\":\"2015\\/1\\/30\",\"end_time\":\"2015\\/9\\/11\",\"name\":\"压缩后\",\"content\":\"不大好合适的话扭扭捏捏\",\"company_name\":\"公司\",\"work_type\":\"建筑\\/施工\"}]',NULL,NULL,'美容/美发/按摩',NULL,'JAVA','百度','666666666666',0,'博士','18380426135','2016-03-16 00:00:00','2015-11-02 00:00:00'),(5,25,'常中亮',42,1,'1985-2-2','四川省成都市\r','四川省成都市\r','三年以上',0,'[{\"start_time\":\"2015\\/1\\/30\",\"end_time\":\"2015\\/9\\/11\",\"name\":\"压缩后\",\"content\":\"不大好合适的话扭扭捏捏\",\"company_name\":\"公司\",\"work_type\":\"建筑\\/施工\"}]',NULL,NULL,'普工/技工',NULL,'JAVA','百度','666666666666',0,'博士','18380426135','2015-11-02 00:00:00','2015-11-02 00:00:00'),(6,26,'海伦',24,0,'1985-9-25','四川省成都市\r','四川省成都市\r','三年以上',0,'[{\"start_time\":\"2015\\/1\\/30\",\"end_time\":\"2015\\/9\\/11\",\"name\":\"压缩后\",\"content\":\"不大好合适的话扭扭捏捏\",\"company_name\":\"公司\",\"work_type\":\"建筑\\/施工\"}]',NULL,NULL,'电商/平台',NULL,'JAVA','百度','666666666666',0,'博士','18380426135','2015-11-02 00:00:00','2015-11-02 00:00:00'),(7,28,'谢小春',78,1,'1984-10-7','四川省成都市\r','四川省成都市\r','5年以上',0,'[{\"work_type\":\"人事\\/行政\",\"content\":\"主要负责公司人力资源各项工作，负责为公司决策层提供合理建议。\",\"start_time\":\"2007\\/12\",\"company_name\":\"成都倍特厨柜制造有限公司\",\"end_time\":\"2015\\/12\",\"name\":\"人力资源主管\"}]',NULL,NULL,'人事/行政','[]','JAVA','百度','666666666666',0,'博士','18380426135','2015-11-02 00:00:00','2015-11-02 00:00:00'),(8,27,'常中亮',57,1,'1994-12-6','四川省成都市\r','四川省成都市\r','5年以上',0,'[{\"start_time\":\"2015\\/1\\/30\",\"end_time\":\"2015\\/9\\/11\",\"name\":\"压缩后\",\"content\":\"不大好合适的话扭扭捏捏\",\"company_name\":\"公司\",\"work_type\":\"建筑\\/施工\"}]',NULL,NULL,'人事/行政',NULL,'JAVA','百度','666666666666',0,'博士','18380426135','2015-11-02 00:00:00','2015-11-02 00:00:00');

/*Table structure for table `resume_exp` */

DROP TABLE IF EXISTS `resume_exp`;

CREATE TABLE `resume_exp` (
  `id` int(11) NOT NULL AUTO_INCREMENT,
  `resumeId` int(11) DEFAULT NULL COMMENT '简历ID',
  `timeSolt` varchar(50) DEFAULT NULL COMMENT '时间区间',
  `description` varchar(100) DEFAULT NULL COMMENT '描述',
  `type` int(1) DEFAULT NULL COMMENT '类型：1、教育经历；2、工作经历',
  PRIMARY KEY (`id`)
) ENGINE=MyISAM DEFAULT CHARSET=utf8;

/*Data for the table `resume_exp` */

/*Table structure for table `salary` */

DROP TABLE IF EXISTS `salary`;

CREATE TABLE `salary` (
  `id` int(11) NOT NULL AUTO_INCREMENT,
  `name` varchar(15) DEFAULT NULL COMMENT '值',
  PRIMARY KEY (`id`)
) ENGINE=InnoDB AUTO_INCREMENT=9 DEFAULT CHARSET=utf8;

/*Data for the table `salary` */

insert  into `salary`(`id`,`name`) values (1,'2000以下'),(2,'2001-3000'),(3,'3001-5000'),(4,'5001-8000'),(5,'8001-10000'),(6,'10001-15000'),(7,'15001-20000'),(8,'20000以上');

/*Table structure for table `scale` */

DROP TABLE IF EXISTS `scale`;

CREATE TABLE `scale` (
  `id` int(11) NOT NULL AUTO_INCREMENT,
  `name` varchar(255) DEFAULT NULL,
  PRIMARY KEY (`id`)
) ENGINE=InnoDB AUTO_INCREMENT=8 DEFAULT CHARSET=utf8;

/*Data for the table `scale` */

insert  into `scale`(`id`,`name`) values (1,'少于50人'),(2,'50-150人'),(3,'150-500人'),(4,'500-1000人'),(5,'1000-5000人'),(6,'5000-10000人'),(7,'10000人以上');

/*Table structure for table `share_count` */

DROP TABLE IF EXISTS `share_count`;

CREATE TABLE `share_count` (
  `id` int(11) NOT NULL AUTO_INCREMENT,
  `user_id` int(11) DEFAULT NULL,
  `count` int(11) DEFAULT NULL,
  PRIMARY KEY (`id`)
) ENGINE=InnoDB AUTO_INCREMENT=12 DEFAULT CHARSET=utf8;

/*Data for the table `share_count` */

insert  into `share_count`(`id`,`user_id`,`count`) values (1,62,1),(2,28,4),(3,65,108),(4,83,9),(5,66,1),(6,26,1),(7,92,3),(8,103,9),(9,114,2),(10,27,7),(11,217,1);

/*Table structure for table `sys_menus` */

DROP TABLE IF EXISTS `sys_menus`;

CREATE TABLE `sys_menus` (
  `id` int(11) NOT NULL AUTO_INCREMENT COMMENT '主键',
  `name` varchar(20) DEFAULT NULL COMMENT '菜单名称',
  `parent_id` int(11) DEFAULT NULL COMMENT '上级菜单ID',
  `url` varchar(255) DEFAULT NULL COMMENT '菜单地址',
  `weight` int(11) DEFAULT NULL COMMENT '权重',
  `icon` varchar(255) DEFAULT NULL COMMENT '图标',
  `level` int(1) DEFAULT NULL COMMENT '菜单级别',
  PRIMARY KEY (`id`)
) ENGINE=InnoDB AUTO_INCREMENT=18 DEFAULT CHARSET=utf8 CHECKSUM=1 DELAY_KEY_WRITE=1 ROW_FORMAT=DYNAMIC COMMENT='菜单表';

/*Data for the table `sys_menus` */

insert  into `sys_menus`(`id`,`name`,`parent_id`,`url`,`weight`,`icon`,`level`) values (11,'datagrid',0,'job/index',2,NULL,1),(12,'filebox',0,'user/signup',1,NULL,1),(13,'datalist-calendar',0,'custom/calender',3,NULL,1),(14,'phone',0,'custom/phone',100,NULL,1),(15,'ckEditor',0,'custom/editor',5,NULL,1),(16,'euEditor',0,'custom/euEditor',4,NULL,1),(17,'uploadify',0,'custom/uploadify',6,NULL,1);

/*Table structure for table `sys_roles` */

DROP TABLE IF EXISTS `sys_roles`;

CREATE TABLE `sys_roles` (
  `id` int(10) unsigned NOT NULL AUTO_INCREMENT,
  `name` varchar(50) NOT NULL COMMENT '角色名称',
  `code` varchar(50) NOT NULL COMMENT '角色名称代码',
  PRIMARY KEY (`id`)
) ENGINE=MyISAM AUTO_INCREMENT=5 DEFAULT CHARSET=utf8;

/*Data for the table `sys_roles` */

insert  into `sys_roles`(`id`,`name`,`code`) values (1,'超级管理员','ADMIN'),(2,'后勤管理员','BACK'),(3,'企业用户','ENTERPRISE');

/*Table structure for table `sys_roles_menus` */

DROP TABLE IF EXISTS `sys_roles_menus`;

CREATE TABLE `sys_roles_menus` (
  `id` int(11) NOT NULL AUTO_INCREMENT COMMENT '主键',
  `role_id` int(11) DEFAULT NULL COMMENT '角色ID',
  `menu_id` int(11) DEFAULT NULL COMMENT '菜单ID',
  PRIMARY KEY (`id`),
  UNIQUE KEY `INDEX_SRM_rid_mid` (`role_id`,`menu_id`),
  KEY `FK_Reference_35` (`role_id`),
  KEY `FK_Reference_36` (`menu_id`)
) ENGINE=InnoDB AUTO_INCREMENT=18 DEFAULT CHARSET=utf8 COMMENT='角色菜单表';

/*Data for the table `sys_roles_menus` */

insert  into `sys_roles_menus`(`id`,`role_id`,`menu_id`) values (10,1,10),(11,1,11),(12,1,12),(13,1,13),(14,1,14),(15,1,15),(16,1,16),(17,1,17);

/*Table structure for table `sys_roles_users` */

DROP TABLE IF EXISTS `sys_roles_users`;

CREATE TABLE `sys_roles_users` (
  `id` int(10) unsigned NOT NULL AUTO_INCREMENT,
  `role_id` int(10) unsigned NOT NULL COMMENT '角色ID',
  `user_id` int(10) unsigned NOT NULL COMMENT '用户ID',
  PRIMARY KEY (`id`),
  KEY `fk_sru_role_id` (`role_id`),
  KEY `fk_sru_user_id` (`user_id`)
) ENGINE=MyISAM AUTO_INCREMENT=3 DEFAULT CHARSET=utf8;

/*Data for the table `sys_roles_users` */

insert  into `sys_roles_users`(`id`,`role_id`,`user_id`) values (1,1,1),(2,2,3);

/*Table structure for table `sys_users` */

DROP TABLE IF EXISTS `sys_users`;

CREATE TABLE `sys_users` (
  `id` int(10) unsigned NOT NULL AUTO_INCREMENT,
  `username` varchar(50) DEFAULT NULL COMMENT '用户登录名',
  `name` varchar(50) DEFAULT NULL COMMENT '用户名称',
  `password` varchar(100) DEFAULT NULL COMMENT '密码',
  `create_time` datetime DEFAULT NULL COMMENT '用户创建日期',
  `last_login_time` datetime DEFAULT NULL COMMENT '最后登录日期',
  `last_login_ip` varchar(23) DEFAULT NULL COMMENT '最后登录IP',
  `enabled` int(1) DEFAULT '1' COMMENT '是否可用，1可用，0不可用',
  `head` varchar(255) DEFAULT NULL COMMENT '头像',
  `nick_name` varchar(255) DEFAULT NULL,
  `type` int(11) DEFAULT '0' COMMENT '账号类型: 0 普通用户,  1 管理员,  2 企业用户',
  `delete` int(11) DEFAULT '0',
  `del_time` datetime DEFAULT NULL,
  `posts_num` int(11) DEFAULT '0' COMMENT '发帖/回帖数',
  `praise` int(11) DEFAULT '0' COMMENT '综合点赞数',
  `level` int(11) DEFAULT '1' COMMENT '等级',
  `code` varchar(100) DEFAULT NULL,
  `share_count` int(11) DEFAULT '0' COMMENT '分享积分',
  `level_count` int(11) DEFAULT '0' COMMENT '等级积分',
  `higher_code` varchar(100) DEFAULT NULL COMMENT '高级代码',
  `verify_code` varchar(10) DEFAULT NULL COMMENT '验证码',
  PRIMARY KEY (`id`)
) ENGINE=MyISAM AUTO_INCREMENT=268 DEFAULT CHARSET=utf8 CHECKSUM=1 DELAY_KEY_WRITE=1 ROW_FORMAT=DYNAMIC;

/*Data for the table `sys_users` */

insert  into `sys_users`(`id`,`username`,`name`,`password`,`create_time`,`last_login_time`,`last_login_ip`,`enabled`,`head`,`nick_name`,`type`,`delete`,`del_time`,`posts_num`,`praise`,`level`,`code`,`share_count`,`level_count`,`higher_code`,`verify_code`) values (1,'admin','超级管理员','$2a$10$TeKfUiYucql6FBOkAtqLDuGylsEXX1tCExHMi/T81htqHXS7Qg.dS','2016-03-25 19:01:29','2015-05-28 12:54:59','127.0.0.1',1,'C5/8B/1448357400328.jpg','哈哈哈哈',1,0,NULL,0,0,1,NULL,0,0,NULL,'7732'),(2,'test','普通用户','$2a$10$TeKfUiYucql6FBOkAtqLDuGylsEXX1tCExHMi/T81htqHXS7Qg.dS','2016-03-25 19:01:29','2016-04-06 14:11:32',NULL,1,'C5/8B/1448357400328.jpg','测试',0,0,NULL,204,12,4,'e1906',0,353,NULL,'7732'),(44,'18384129364',NULL,'$2a$10$hLsdXyRyjqnUgKY5KNTyg.vbso2GGFSBG/fk9zLy0W3Ic0d2vgM7K','2016-03-25 19:01:29','2015-12-17 15:24:00',NULL,1,'C5/8B/1448357400328.jpg','匿名用户',0,0,NULL,0,0,1,'O7580',0,0,'','7732'),(4,'15596835628',NULL,'$2a$10$eKIzb9jN.vCCV5QELZ0Q5O86ub0TyiFGPScCiujIjyeL5IQqunYDi','2016-03-25 19:01:29',NULL,NULL,1,'C5/8B/1448357400328.jpg','哈哈哈哈',0,0,NULL,0,1,1,NULL,0,2,NULL,'7732'),(5,'15500000000',NULL,'45454545','2016-03-25 19:01:29',NULL,NULL,1,'C5/8B/1448357400328.jpg','哈哈哈哈',2,0,NULL,0,0,1,NULL,0,0,NULL,'7732'),(242,'676133829@qq.com','鹿晗','$2a$10$TeKfUiYucql6FBOkAtqLDuGylsEXX1tCExHMi/T81htqHXS7Qg.dS','2016-03-25 19:01:29',NULL,NULL,1,NULL,NULL,2,0,NULL,0,0,1,NULL,0,0,NULL,'7732');

/*Table structure for table `test_upload` */

DROP TABLE IF EXISTS `test_upload`;

CREATE TABLE `test_upload` (
  `id` int(11) NOT NULL AUTO_INCREMENT,
  `name` varchar(100) DEFAULT NULL,
  `head` varchar(200) DEFAULT NULL,
  PRIMARY KEY (`id`)
) ENGINE=InnoDB AUTO_INCREMENT=6 DEFAULT CHARSET=utf8;

/*Data for the table `test_upload` */

insert  into `test_upload`(`id`,`name`,`head`) values (1,'6','eL\\Co\\1460126401764.jpg'),(2,'还特听话','Xm\\l8\\1460126553067.jpg'),(3,'fwqfqw','bv\\xi\\1460202333502.jpg'),(4,'tt','Fi\\E0\\1460287735011.jpg'),(5,'165','qO\\5S\\1460288162288.jpg');

/*Table structure for table `upgrade` */

DROP TABLE IF EXISTS `upgrade`;

CREATE TABLE `upgrade` (
  `id` int(10) unsigned NOT NULL AUTO_INCREMENT,
  `os` varchar(10) NOT NULL,
  `version` varchar(10) DEFAULT NULL COMMENT '版本号',
  `update_path` varchar(255) DEFAULT NULL COMMENT '更新地址',
  `isforce` int(1) DEFAULT '0' COMMENT '是否强制更新',
  PRIMARY KEY (`id`)
) ENGINE=MyISAM AUTO_INCREMENT=9 DEFAULT CHARSET=utf8;

/*Data for the table `upgrade` */

insert  into `upgrade`(`id`,`os`,`version`,`update_path`,`isforce`) values (7,'android','1.0.0','http://www.xnljl.com/BlueCollar/apk/%e8%93%9d%e9%87%91%e9%a2%86v1.0.0.apk',0);

/*Table structure for table `work_type` */

DROP TABLE IF EXISTS `work_type`;

CREATE TABLE `work_type` (
  `id` int(11) NOT NULL AUTO_INCREMENT,
  `name` varchar(10) DEFAULT NULL COMMENT '名称',
  PRIMARY KEY (`id`)
) ENGINE=InnoDB AUTO_INCREMENT=21 DEFAULT CHARSET=utf8;

/*Data for the table `work_type` */

insert  into `work_type`(`id`,`name`) values (1,'普工/技工'),(2,'汽车行业'),(3,'司机'),(4,'建筑/施工'),(5,'餐饮/酒店'),(6,'零售/百货'),(7,'美容/美发/按摩'),(8,'运动/健身'),(9,'电商/平台'),(10,'家政/安保'),(11,'休闲/娱乐'),(12,'销售'),(13,'客服'),(14,'人事/行政'),(15,'会计/出纳'),(16,'贸易/物流'),(17,'保险/房产中介'),(18,'物业/商业'),(19,'兼职/实习'),(20,'其他');

/*!40101 SET SQL_MODE=@OLD_SQL_MODE */;
/*!40014 SET FOREIGN_KEY_CHECKS=@OLD_FOREIGN_KEY_CHECKS */;
/*!40014 SET UNIQUE_CHECKS=@OLD_UNIQUE_CHECKS */;
/*!40111 SET SQL_NOTES=@OLD_SQL_NOTES */;
